{"MinuteInterval": 60, "Number of shift templates": 4, "Shift templates": [{"abbr": "F", "full_name": "Fr\u00fchschicht", "start_time": "6:0", "plus_minutes_start": 120, "minus_minutes_start": 60, "length": 480, "plus_minutes_end": 60, "minus_minutes_end": 60, "available_days": "*"}, {"abbr": "T", "full_name": "Tagschicht", "start_time": "10:0", "plus_minutes_start": 60, "minus_minutes_start": 60, "length": 480, "plus_minutes_end": 60, "minus_minutes_end": 60, "available_days": "*"}, {"abbr": "S", "full_name": "Sp\u00e4tschicht", "start_time": "14:0", "plus_minutes_start": 60, "minus_minutes_start": 60, "length": 480, "plus_minutes_end": 60, "minus_minutes_end": 60, "available_days": "*"}, {"abbr": "N", "full_name": "Nachtschicht", "start_time": "22:0", "plus_minutes_start": 60, "minus_minutes_start": 60, "length": 480, "plus_minutes_end": 60, "minus_minutes_end": 60, "available_days": "*"}], "Requirements": [0, 0, 0, 0, 0, 2, 2, 4, 4, 4, 4, 4, 2, 3, 2, 8, 8, 8, 8, 8, 7, 7, 4, 4, 0, 0, 0, 0, 0, 2, 2, 4, 4, 4, 4, 4, 2, 3, 5, 14, 14, 14, 14, 14, 13, 13, 4, 4, 0, 0, 0, 0, 0, 2, 2, 4, 4, 4, 4, 4, 2, 3, 5, 11, 11, 11, 11, 11, 10, 10, 4, 4, 0, 0, 0, 0, 0, 2, 2, 4, 4, 4, 4, 4, 2, 3, 5, 14, 14, 14, 14, 14, 13, 13, 4, 4, 0, 0, 0, 0, 0, 2, 2, 4, 4, 4, 4, 4, 2, 3, 5, 11, 11, 11, 11, 11, 10, 10, 4, 4, 0, 0, 0, 0, 0, 2, 2, 2, 2, 3, 3, 3, 1, 2, 5, 11, 11, 10, 10, 10, 9, 9, 3, 3, 0, 0, 0, 0, 0, 2, 2, 2, 2, 6, 6, 6, 4, 5, 8, 14, 14, 10, 10, 10, 9, 9, 3, 3], "DaysPerCycle": 7, "SD_ObjWeightShifts": 60, "SD_ObjWeightUnderCover": 1, "SD_ObjWeightOverCover": 1, "MinShift": 2, "MaxShift": 5, "MinShiftType": [2, 3, 1, 2], "MaxShiftType": [4, 4, 4, 5], "MinOff": 1, "MaxOff": 2, "ForwardRotation": true}