{"MinuteInterval": 60, "Number of shift templates": 4, "Shift templates": [{"abbr": "F", "full_name": "Fr\u00fchschicht", "start_time": "6:0", "plus_minutes_start": 120, "minus_minutes_start": 60, "length": 480, "plus_minutes_end": 60, "minus_minutes_end": 60, "available_days": "*"}, {"abbr": "T", "full_name": "Tagschicht", "start_time": "10:0", "plus_minutes_start": 60, "minus_minutes_start": 60, "length": 480, "plus_minutes_end": 60, "minus_minutes_end": 60, "available_days": "*"}, {"abbr": "S", "full_name": "Sp\u00e4tschicht", "start_time": "14:0", "plus_minutes_start": 60, "minus_minutes_start": 60, "length": 480, "plus_minutes_end": 60, "minus_minutes_end": 60, "available_days": "*"}, {"abbr": "N", "full_name": "Nachtschicht", "start_time": "22:0", "plus_minutes_start": 60, "minus_minutes_start": 60, "length": 480, "plus_minutes_end": 60, "minus_minutes_end": 60, "available_days": "*"}], "Requirements": [5, 5, 5, 5, 0, 0, 7, 7, 7, 8, 8, 13, 13, 9, 6, 6, 6, 6, 5, 0, 0, 0, 0, 4, 4, 4, 4, 4, 4, 4, 11, 11, 7, 8, 8, 13, 13, 9, 6, 6, 6, 6, 5, 0, 0, 0, 0, 4, 4, 4, 4, 4, 4, 4, 11, 11, 7, 8, 8, 13, 13, 9, 6, 6, 6, 6, 5, 0, 0, 4, 4, 8, 8, 8, 8, 8, 4, 4, 11, 11, 9, 10, 10, 15, 15, 11, 8, 6, 6, 6, 5, 0, 0, 0, 0, 4, 4, 4, 4, 4, 4, 4, 11, 11, 7, 8, 8, 13, 13, 9, 6, 6, 6, 6, 5, 0, 0, 0, 0, 4, 4, 4, 4, 4, 4, 4, 14, 14, 10, 11, 11, 13, 13, 11, 8, 3, 3, 3, 2, 0, 0, 5, 5, 5, 5, 5, 5, 5, 0, 0, 10, 10, 14, 15, 15, 17, 17, 15, 12, 3, 3, 3, 2, 0, 0, 5, 5, 5], "DaysPerCycle": 7, "SD_ObjWeightShifts": 60, "SD_ObjWeightUnderCover": 1, "SD_ObjWeightOverCover": 1, "MinShift": 3, "MaxShift": 5, "MinShiftType": [2, 1, 4, 2], "MaxShiftType": [5, 4, 4, 4], "MinOff": 2, "MaxOff": 4, "ForwardRotation": true}