{"MinuteInterval": 60, "Number of shift templates": 4, "Shift templates": [{"abbr": "M", "full_name": "MorningShift", "start_time": "6:0", "plus_minutes_start": 120, "minus_minutes_start": 60, "length": 480, "plus_minutes_end": 60, "minus_minutes_end": 60, "available_days": "*"}, {"abbr": "D", "full_name": "Dayshift", "start_time": "10:0", "plus_minutes_start": 60, "minus_minutes_start": 60, "length": 480, "plus_minutes_end": 60, "minus_minutes_end": 60, "available_days": "*"}, {"abbr": "E", "full_name": "Eveningshift", "start_time": "14:0", "plus_minutes_start": 60, "minus_minutes_start": 60, "length": 480, "plus_minutes_end": 60, "minus_minutes_end": 60, "available_days": "*"}, {"abbr": "N", "full_name": "Nightshift", "start_time": "22:0", "plus_minutes_start": 60, "minus_minutes_start": 60, "length": 480, "plus_minutes_end": 60, "minus_minutes_end": 60, "available_days": "*"}], "Requirements": [6, 6, 6, 6, 6, 11, 14, 18, 18, 22, 28, 32, 32, 30, 28, 32, 29, 20, 19, 19, 15, 7, 10, 18, 18, 18, 18, 18, 18, 20, 20, 20, 17, 20, 26, 32, 32, 31, 29, 33, 28, 20, 17, 17, 13, 8, 6, 14, 14, 14, 14, 14, 13, 15, 15, 18, 15, 18, 24, 28, 28, 31, 29, 33, 30, 22, 21, 21, 17, 7, 7, 15, 15, 15, 15, 15, 15, 17, 17, 18, 15, 18, 24, 28, 28, 31, 29, 33, 30, 22, 21, 21, 17, 7, 10, 13, 13, 13, 13, 13, 13, 15, 17, 15, 12, 15, 21, 25, 25, 28, 29, 33, 30, 22, 21, 21, 17, 7, 10, 18, 18, 18, 18, 18, 18, 19, 19, 18, 16, 19, 28, 32, 32, 39, 36, 39, 36, 28, 24, 24, 20, 12, 6, 6, 6, 6, 6, 6, 6, 7, 10, 12, 13, 16, 25, 29, 29, 36, 36, 39, 36, 28, 24, 24, 20, 12, 6, 6], "DaysPerCycle": 7, "SD_ObjWeightShifts": 60, "SD_ObjWeightUnderCover": 1, "SD_ObjWeightOverCover": 1, "MinShift": 2, "MaxShift": 6, "MinShiftType": [1, 2, 3, 1], "MaxShiftType": [4, 4, 5, 6], "MinOff": 2, "MaxOff": 4, "ForwardRotation": true}