{"MinuteInterval": 60, "Number of shift templates": 4, "Shift templates": [{"abbr": "M", "full_name": "MorningShift", "start_time": "6:0", "plus_minutes_start": 120, "minus_minutes_start": 60, "length": 480, "plus_minutes_end": 60, "minus_minutes_end": 60, "available_days": "*"}, {"abbr": "D", "full_name": "Dayshift", "start_time": "10:0", "plus_minutes_start": 60, "minus_minutes_start": 60, "length": 480, "plus_minutes_end": 60, "minus_minutes_end": 60, "available_days": "*"}, {"abbr": "E", "full_name": "Eveningshift", "start_time": "14:0", "plus_minutes_start": 60, "minus_minutes_start": 60, "length": 480, "plus_minutes_end": 60, "minus_minutes_end": 60, "available_days": "*"}, {"abbr": "N", "full_name": "Nightshift", "start_time": "22:0", "plus_minutes_start": 60, "minus_minutes_start": 60, "length": 480, "plus_minutes_end": 60, "minus_minutes_end": 60, "available_days": "*"}], "Requirements": [12, 12, 12, 12, 12, 12, 8, 11, 9, 10, 11, 18, 18, 15, 16, 20, 19, 18, 12, 12, 10, 12, 7, 10, 10, 10, 10, 10, 10, 8, 8, 11, 10, 11, 12, 19, 19, 16, 17, 21, 20, 18, 12, 12, 10, 13, 8, 11, 11, 11, 11, 11, 11, 8, 8, 11, 10, 11, 12, 19, 19, 16, 17, 21, 20, 18, 12, 12, 10, 13, 7, 10, 10, 10, 10, 10, 10, 7, 8, 11, 10, 11, 13, 20, 20, 17, 18, 22, 21, 19, 12, 12, 10, 13, 12, 15, 15, 15, 15, 15, 15, 12, 8, 11, 10, 11, 12, 19, 19, 14, 15, 19, 18, 16, 10, 10, 8, 11, 8, 9, 9, 9, 9, 9, 9, 6, 2, 9, 10, 10, 14, 18, 18, 19, 22, 26, 22, 20, 14, 14, 12, 12, 11, 12, 12, 12, 12, 12, 12, 12, 4, 9, 8, 8, 12, 15, 15, 16, 19, 19, 17, 15, 10, 10, 8, 8, 11, 12], "DaysPerCycle": 7, "SD_ObjWeightShifts": 60, "SD_ObjWeightUnderCover": 1, "SD_ObjWeightOverCover": 1, "MinShift": 3, "MaxShift": 7, "MinShiftType": [3, 1, 4, 1], "MaxShiftType": [7, 7, 6, 4], "MinOff": 2, "MaxOff": 2, "ForwardRotation": true}