{"MinuteInterval": 60, "Number of shift templates": 4, "Shift templates": [{"abbr": "F", "full_name": "Fr\u00fchschicht", "start_time": "6:0", "plus_minutes_start": 120, "minus_minutes_start": 60, "length": 480, "plus_minutes_end": 60, "minus_minutes_end": 60, "available_days": "*"}, {"abbr": "T", "full_name": "Tagschicht", "start_time": "10:0", "plus_minutes_start": 60, "minus_minutes_start": 60, "length": 480, "plus_minutes_end": 60, "minus_minutes_end": 60, "available_days": "*"}, {"abbr": "S", "full_name": "Sp\u00e4tschicht", "start_time": "14:0", "plus_minutes_start": 60, "minus_minutes_start": 60, "length": 480, "plus_minutes_end": 60, "minus_minutes_end": 60, "available_days": "*"}, {"abbr": "N", "full_name": "Nachtschicht", "start_time": "22:0", "plus_minutes_start": 60, "minus_minutes_start": 60, "length": 480, "plus_minutes_end": 60, "minus_minutes_end": 60, "available_days": "*"}], "Requirements": [3, 3, 3, 3, 3, 1, 1, 4, 4, 4, 8, 8, 7, 10, 7, 9, 9, 9, 5, 5, 2, 7, 7, 5, 5, 5, 5, 5, 5, 1, 1, 4, 4, 4, 8, 8, 7, 8, 5, 7, 7, 7, 3, 3, 2, 7, 7, 5, 5, 5, 5, 5, 5, 1, 1, 4, 4, 4, 8, 8, 7, 10, 7, 9, 9, 9, 5, 5, 2, 7, 7, 5, 5, 5, 5, 5, 5, 1, 1, 4, 4, 4, 8, 8, 7, 10, 7, 9, 9, 9, 5, 5, 2, 7, 7, 5, 5, 5, 5, 5, 5, 0, 0, 3, 3, 3, 7, 7, 7, 12, 9, 11, 11, 11, 7, 7, 2, 7, 7, 5, 5, 5, 5, 5, 5, 1, 1, 2, 2, 2, 2, 2, 1, 4, 3, 5, 5, 5, 5, 5, 2, 5, 5, 3, 3, 3, 3, 3, 3, 1, 1, 2, 2, 2, 2, 2, 1, 4, 3, 5, 5, 5, 5, 5, 2, 5, 5, 3], "DaysPerCycle": 7, "SD_ObjWeightShifts": 60, "SD_ObjWeightUnderCover": 1, "SD_ObjWeightOverCover": 1, "MinShift": 3, "MaxShift": 7, "MinShiftType": [4, 1, 4, 2], "MaxShiftType": [7, 6, 4, 5], "MinOff": 1, "MaxOff": 3, "ForwardRotation": true}