{"MinuteInterval": 60, "Number of shift templates": 4, "Shift templates": [{"abbr": "M", "full_name": "MorningShift", "start_time": "6:0", "plus_minutes_start": 120, "minus_minutes_start": 60, "length": 480, "plus_minutes_end": 60, "minus_minutes_end": 60, "available_days": "*"}, {"abbr": "D", "full_name": "Dayshift", "start_time": "10:0", "plus_minutes_start": 60, "minus_minutes_start": 60, "length": 480, "plus_minutes_end": 60, "minus_minutes_end": 60, "available_days": "*"}, {"abbr": "E", "full_name": "Eveningshift", "start_time": "14:0", "plus_minutes_start": 60, "minus_minutes_start": 60, "length": 480, "plus_minutes_end": 60, "minus_minutes_end": 60, "available_days": "*"}, {"abbr": "N", "full_name": "Nightshift", "start_time": "22:0", "plus_minutes_start": 60, "minus_minutes_start": 60, "length": 480, "plus_minutes_end": 60, "minus_minutes_end": 60, "available_days": "*"}], "Requirements": [11, 11, 11, 11, 6, 7, 8, 15, 15, 22, 22, 27, 26, 23, 25, 27, 21, 17, 12, 12, 12, 17, 19, 18, 13, 13, 13, 13, 8, 7, 9, 16, 16, 23, 23, 30, 28, 25, 27, 29, 23, 19, 14, 12, 12, 15, 20, 19, 14, 14, 14, 14, 11, 9, 8, 15, 15, 22, 22, 27, 26, 25, 27, 29, 23, 19, 14, 14, 12, 15, 20, 19, 14, 14, 14, 14, 11, 11, 12, 16, 16, 21, 21, 26, 23, 18, 20, 22, 19, 17, 12, 12, 12, 15, 20, 19, 14, 14, 14, 14, 11, 9, 8, 13, 13, 19, 19, 24, 23, 20, 22, 24, 20, 17, 12, 12, 12, 11, 16, 15, 10, 10, 10, 10, 7, 10, 7, 11, 11, 14, 15, 18, 16, 20, 22, 21, 21, 18, 14, 14, 9, 9, 12, 10, 8, 8, 8, 8, 7, 5, 4, 8, 8, 11, 12, 19, 17, 16, 21, 20, 20, 17, 13, 9, 9, 12, 15, 13], "DaysPerCycle": 7, "SD_ObjWeightShifts": 60, "SD_ObjWeightUnderCover": 1, "SD_ObjWeightOverCover": 1, "MinShift": 2, "MaxShift": 6, "MinShiftType": [3, 4, 4, 3], "MaxShiftType": [4, 4, 5, 5], "MinOff": 1, "MaxOff": 3, "ForwardRotation": true}