{"MinuteInterval": 60, "Number of shift templates": 4, "Shift templates": [{"abbr": "M", "full_name": "MorningShift", "start_time": "6:0", "plus_minutes_start": 120, "minus_minutes_start": 60, "length": 480, "plus_minutes_end": 60, "minus_minutes_end": 60, "available_days": "*"}, {"abbr": "D", "full_name": "Dayshift", "start_time": "10:0", "plus_minutes_start": 60, "minus_minutes_start": 60, "length": 480, "plus_minutes_end": 60, "minus_minutes_end": 60, "available_days": "*"}, {"abbr": "E", "full_name": "Eveningshift", "start_time": "14:0", "plus_minutes_start": 60, "minus_minutes_start": 60, "length": 480, "plus_minutes_end": 60, "minus_minutes_end": 60, "available_days": "*"}, {"abbr": "N", "full_name": "Nightshift", "start_time": "22:0", "plus_minutes_start": 60, "minus_minutes_start": 60, "length": 480, "plus_minutes_end": 60, "minus_minutes_end": 60, "available_days": "*"}], "Requirements": [10, 6, 1, 1, 4, 3, 3, 3, 8, 12, 17, 17, 17, 17, 17, 14, 15, 10, 10, 12, 9, 10, 11, 11, 7, 6, 1, 1, 4, 3, 3, 3, 8, 12, 17, 17, 17, 17, 17, 14, 15, 10, 14, 16, 13, 14, 15, 15, 11, 10, 5, 1, 4, 3, 3, 3, 8, 13, 18, 18, 17, 17, 19, 16, 17, 12, 10, 12, 9, 10, 11, 11, 7, 6, 1, 1, 4, 3, 3, 3, 8, 12, 13, 13, 13, 13, 13, 10, 11, 10, 10, 12, 9, 10, 11, 11, 7, 6, 1, 1, 4, 3, 3, 3, 8, 12, 17, 17, 18, 18, 18, 15, 16, 11, 10, 12, 9, 10, 11, 11, 7, 6, 1, 1, 5, 4, 4, 6, 6, 13, 14, 14, 11, 11, 10, 12, 11, 10, 10, 11, 8, 9, 10, 10, 7, 6, 1, 1, 5, 4, 4, 6, 8, 15, 16, 16, 13, 13, 12, 12, 11, 10, 10, 11, 8, 12, 13, 13], "DaysPerCycle": 7, "SD_ObjWeightShifts": 60, "SD_ObjWeightUnderCover": 1, "SD_ObjWeightOverCover": 1, "MinShift": 4, "MaxShift": 5, "MinShiftType": [3, 2, 1, 3], "MaxShiftType": [4, 5, 5, 5], "MinOff": 2, "MaxOff": 4, "ForwardRotation": true}