{"MinuteInterval": 60, "Number of shift templates": 4, "Shift templates": [{"abbr": "F", "full_name": "Fr\u00fchschicht", "start_time": "6:0", "plus_minutes_start": 120, "minus_minutes_start": 60, "length": 480, "plus_minutes_end": 60, "minus_minutes_end": 60, "available_days": "*"}, {"abbr": "T", "full_name": "Tagschicht", "start_time": "10:0", "plus_minutes_start": 60, "minus_minutes_start": 60, "length": 480, "plus_minutes_end": 60, "minus_minutes_end": 60, "available_days": "*"}, {"abbr": "S", "full_name": "Sp\u00e4tschicht", "start_time": "14:0", "plus_minutes_start": 60, "minus_minutes_start": 60, "length": 480, "plus_minutes_end": 60, "minus_minutes_end": 60, "available_days": "*"}, {"abbr": "N", "full_name": "Nachtschicht", "start_time": "22:0", "plus_minutes_start": 60, "minus_minutes_start": 60, "length": 480, "plus_minutes_end": 60, "minus_minutes_end": 60, "available_days": "*"}], "Requirements": [4, 4, 4, 4, 4, 4, 2, 1, 1, 4, 9, 9, 8, 8, 10, 10, 10, 6, 6, 2, 2, 1, 11, 11, 11, 11, 11, 11, 11, 11, 6, 1, 1, 4, 9, 9, 8, 8, 10, 10, 10, 6, 6, 2, 2, 1, 11, 11, 11, 11, 11, 11, 11, 11, 6, 1, 1, 4, 8, 8, 7, 7, 9, 9, 9, 5, 5, 2, 2, 2, 12, 12, 12, 12, 12, 12, 12, 11, 6, 1, 1, 4, 9, 9, 8, 8, 10, 10, 10, 6, 6, 2, 2, 1, 11, 11, 11, 11, 11, 11, 11, 11, 6, 1, 1, 4, 7, 7, 6, 6, 8, 8, 8, 4, 4, 2, 2, 1, 6, 6, 6, 6, 6, 6, 6, 6, 1, 1, 1, 1, 3, 3, 2, 2, 4, 6, 6, 5, 5, 4, 4, 3, 6, 4, 4, 4, 4, 4, 4, 4, 2, 1, 1, 1, 3, 3, 2, 2, 9, 11, 11, 10, 10, 9, 9, 8, 11, 4], "DaysPerCycle": 7, "SD_ObjWeightShifts": 60, "SD_ObjWeightUnderCover": 1, "SD_ObjWeightOverCover": 1, "MinShift": 3, "MaxShift": 6, "MinShiftType": [2, 1, 3, 1], "MaxShiftType": [4, 5, 6, 6], "MinOff": 1, "MaxOff": 2, "ForwardRotation": true}