{"MinuteInterval": 60, "Number of shift templates": 4, "Shift templates": [{"abbr": "F", "full_name": "Fr\u00fchschicht", "start_time": "6:0", "plus_minutes_start": 120, "minus_minutes_start": 60, "length": 480, "plus_minutes_end": 60, "minus_minutes_end": 60, "available_days": "*"}, {"abbr": "T", "full_name": "Tagschicht", "start_time": "10:0", "plus_minutes_start": 60, "minus_minutes_start": 60, "length": 480, "plus_minutes_end": 60, "minus_minutes_end": 60, "available_days": "*"}, {"abbr": "S", "full_name": "Sp\u00e4tschicht", "start_time": "14:0", "plus_minutes_start": 60, "minus_minutes_start": 60, "length": 480, "plus_minutes_end": 60, "minus_minutes_end": 60, "available_days": "*"}, {"abbr": "N", "full_name": "Nachtschicht", "start_time": "22:0", "plus_minutes_start": 60, "minus_minutes_start": 60, "length": 480, "plus_minutes_end": 60, "minus_minutes_end": 60, "available_days": "*"}], "Requirements": [7, 7, 7, 7, 5, 8, 11, 16, 20, 24, 24, 32, 32, 28, 25, 28, 23, 15, 15, 11, 7, 11, 14, 11, 11, 11, 11, 11, 7, 7, 12, 17, 21, 25, 25, 29, 29, 25, 21, 22, 17, 9, 9, 5, 5, 7, 6, 5, 5, 5, 5, 5, 3, 8, 12, 17, 21, 25, 25, 33, 33, 29, 25, 26, 21, 13, 13, 9, 5, 6, 10, 9, 9, 9, 9, 9, 8, 8, 9, 14, 18, 22, 22, 30, 30, 28, 25, 28, 23, 15, 15, 11, 7, 11, 10, 7, 7, 7, 7, 7, 3, 8, 12, 14, 19, 23, 23, 31, 31, 27, 23, 26, 24, 15, 15, 11, 7, 11, 15, 12, 12, 12, 12, 12, 8, 8, 10, 12, 16, 24, 24, 27, 27, 25, 21, 24, 22, 14, 10, 7, 7, 11, 12, 9, 9, 9, 9, 9, 5, 8, 10, 12, 16, 24, 24, 25, 25, 23, 19, 22, 20, 12, 8, 7, 7, 9, 10, 7], "DaysPerCycle": 7, "SD_ObjWeightShifts": 60, "SD_ObjWeightUnderCover": 1, "SD_ObjWeightOverCover": 1, "MinShift": 2, "MaxShift": 6, "MinShiftType": [4, 4, 2, 4], "MaxShiftType": [4, 6, 6, 5], "MinOff": 1, "MaxOff": 4, "ForwardRotation": true}