{"MinuteInterval": 60, "Number of shift templates": 4, "Shift templates": [{"abbr": "F", "full_name": "Fr\u00fchschicht", "start_time": "6:0", "plus_minutes_start": 120, "minus_minutes_start": 60, "length": 480, "plus_minutes_end": 60, "minus_minutes_end": 60, "available_days": "*"}, {"abbr": "T", "full_name": "Tagschicht", "start_time": "10:0", "plus_minutes_start": 60, "minus_minutes_start": 60, "length": 480, "plus_minutes_end": 60, "minus_minutes_end": 60, "available_days": "*"}, {"abbr": "S", "full_name": "Sp\u00e4tschicht", "start_time": "14:0", "plus_minutes_start": 60, "minus_minutes_start": 60, "length": 480, "plus_minutes_end": 60, "minus_minutes_end": 60, "available_days": "*"}, {"abbr": "N", "full_name": "Nachtschicht", "start_time": "22:0", "plus_minutes_start": 60, "minus_minutes_start": 60, "length": 480, "plus_minutes_end": 60, "minus_minutes_end": 60, "available_days": "*"}], "Requirements": [13, 13, 13, 13, 13, 8, 3, 0, 0, 4, 4, 4, 4, 8, 12, 12, 12, 8, 8, 8, 8, 13, 6, 12, 12, 12, 12, 12, 12, 7, 1, 0, 0, 7, 7, 7, 7, 11, 15, 15, 12, 8, 8, 8, 8, 11, 7, 13, 13, 13, 13, 13, 13, 10, 1, 0, 0, 7, 7, 7, 7, 11, 15, 15, 12, 8, 8, 8, 8, 11, 4, 10, 10, 10, 10, 10, 10, 7, 1, 0, 0, 7, 7, 7, 7, 11, 15, 15, 12, 8, 8, 8, 8, 15, 8, 14, 14, 14, 14, 14, 14, 11, 1, 0, 0, 7, 7, 7, 7, 11, 11, 11, 8, 4, 4, 4, 4, 7, 4, 10, 10, 10, 10, 10, 10, 7, 1, 0, 0, 6, 6, 6, 6, 8, 11, 11, 9, 5, 5, 5, 5, 7, 2, 9, 9, 9, 9, 9, 9, 8, 3, 0, 0, 6, 6, 6, 6, 8, 10, 10, 8, 4, 4, 4, 4, 10, 6, 13], "DaysPerCycle": 7, "SD_ObjWeightShifts": 60, "SD_ObjWeightUnderCover": 1, "SD_ObjWeightOverCover": 1, "MinShift": 2, "MaxShift": 5, "MinShiftType": [4, 4, 2, 3], "MaxShiftType": [5, 5, 5, 5], "MinOff": 2, "MaxOff": 2, "ForwardRotation": true}