{"MinuteInterval": 60, "Number of shift templates": 4, "Shift templates": [{"abbr": "F", "full_name": "Fr\u00fchschicht", "start_time": "6:0", "plus_minutes_start": 120, "minus_minutes_start": 60, "length": 480, "plus_minutes_end": 60, "minus_minutes_end": 60, "available_days": "*"}, {"abbr": "T", "full_name": "Tagschicht", "start_time": "10:0", "plus_minutes_start": 60, "minus_minutes_start": 60, "length": 480, "plus_minutes_end": 60, "minus_minutes_end": 60, "available_days": "*"}, {"abbr": "S", "full_name": "Sp\u00e4tschicht", "start_time": "14:0", "plus_minutes_start": 60, "minus_minutes_start": 60, "length": 480, "plus_minutes_end": 60, "minus_minutes_end": 60, "available_days": "*"}, {"abbr": "N", "full_name": "Nachtschicht", "start_time": "22:0", "plus_minutes_start": 60, "minus_minutes_start": 60, "length": 480, "plus_minutes_end": 60, "minus_minutes_end": 60, "available_days": "*"}], "Requirements": [7, 7, 7, 7, 3, 3, 1, 2, 2, 2, 2, 4, 3, 6, 9, 9, 8, 8, 8, 8, 6, 10, 10, 7, 7, 7, 7, 7, 3, 3, 1, 2, 2, 2, 2, 4, 3, 12, 15, 15, 14, 14, 14, 14, 7, 11, 10, 7, 7, 7, 7, 7, 3, 3, 1, 2, 2, 2, 2, 4, 3, 13, 16, 16, 15, 15, 15, 15, 8, 12, 10, 7, 7, 7, 7, 7, 3, 4, 2, 6, 6, 6, 6, 8, 6, 16, 19, 19, 15, 15, 15, 15, 8, 12, 13, 10, 10, 10, 10, 10, 6, 6, 1, 2, 2, 2, 2, 4, 3, 13, 16, 16, 15, 15, 15, 15, 8, 12, 10, 7, 7, 7, 7, 7, 3, 4, 2, 5, 5, 5, 5, 7, 5, 15, 19, 19, 16, 16, 16, 16, 9, 13, 11, 7, 7, 7, 7, 7, 3, 5, 3, 4, 4, 4, 4, 6, 3, 13, 16, 16, 15, 15, 15, 15, 8, 12, 10, 7], "DaysPerCycle": 7, "SD_ObjWeightShifts": 60, "SD_ObjWeightUnderCover": 1, "SD_ObjWeightOverCover": 1, "MinShift": 4, "MaxShift": 7, "MinShiftType": [3, 3, 1, 4], "MaxShiftType": [4, 4, 4, 5], "MinOff": 1, "MaxOff": 4, "ForwardRotation": true}