{"MinuteInterval": 60, "Number of shift templates": 4, "Shift templates": [{"abbr": "M", "full_name": "MorningShift", "start_time": "6:0", "plus_minutes_start": 120, "minus_minutes_start": 60, "length": 480, "plus_minutes_end": 60, "minus_minutes_end": 60, "available_days": "*"}, {"abbr": "D", "full_name": "Dayshift", "start_time": "10:0", "plus_minutes_start": 60, "minus_minutes_start": 60, "length": 480, "plus_minutes_end": 60, "minus_minutes_end": 60, "available_days": "*"}, {"abbr": "E", "full_name": "Eveningshift", "start_time": "14:0", "plus_minutes_start": 60, "minus_minutes_start": 60, "length": 480, "plus_minutes_end": 60, "minus_minutes_end": 60, "available_days": "*"}, {"abbr": "N", "full_name": "Nightshift", "start_time": "22:0", "plus_minutes_start": 60, "minus_minutes_start": 60, "length": 480, "plus_minutes_end": 60, "minus_minutes_end": 60, "available_days": "*"}], "Requirements": [11, 11, 9, 5, 3, 3, 3, 2, 4, 5, 7, 12, 20, 23, 25, 31, 31, 25, 26, 24, 19, 21, 14, 15, 16, 16, 13, 5, 3, 3, 3, 2, 4, 6, 8, 13, 23, 23, 25, 26, 26, 19, 20, 18, 16, 18, 11, 12, 13, 13, 13, 5, 3, 3, 3, 2, 4, 5, 7, 12, 27, 27, 29, 27, 27, 21, 22, 20, 18, 20, 11, 12, 13, 13, 13, 5, 3, 3, 3, 2, 4, 5, 7, 12, 21, 21, 23, 28, 28, 22, 23, 21, 19, 21, 14, 15, 16, 16, 13, 5, 3, 3, 3, 2, 4, 5, 7, 12, 20, 20, 22, 25, 25, 19, 20, 18, 16, 18, 11, 12, 12, 12, 12, 6, 4, 4, 2, 2, 7, 8, 10, 15, 24, 24, 29, 30, 30, 28, 29, 24, 22, 18, 12, 10, 10, 10, 8, 8, 6, 6, 2, 2, 4, 5, 7, 12, 21, 21, 26, 27, 27, 25, 28, 26, 24, 20, 14, 10], "DaysPerCycle": 7, "SD_ObjWeightShifts": 60, "SD_ObjWeightUnderCover": 1, "SD_ObjWeightOverCover": 1, "MinShift": 2, "MaxShift": 6, "MinShiftType": [3, 3, 1, 1], "MaxShiftType": [5, 5, 4, 5], "MinOff": 2, "MaxOff": 2, "ForwardRotation": true}