{"MinuteInterval": 60, "Number of shift templates": 4, "Shift templates": [{"abbr": "F", "full_name": "Fr\u00fchschicht", "start_time": "6:0", "plus_minutes_start": 120, "minus_minutes_start": 60, "length": 480, "plus_minutes_end": 60, "minus_minutes_end": 60, "available_days": "*"}, {"abbr": "T", "full_name": "Tagschicht", "start_time": "10:0", "plus_minutes_start": 60, "minus_minutes_start": 60, "length": 480, "plus_minutes_end": 60, "minus_minutes_end": 60, "available_days": "*"}, {"abbr": "S", "full_name": "Sp\u00e4tschicht", "start_time": "14:0", "plus_minutes_start": 60, "minus_minutes_start": 60, "length": 480, "plus_minutes_end": 60, "minus_minutes_end": 60, "available_days": "*"}, {"abbr": "N", "full_name": "Nachtschicht", "start_time": "22:0", "plus_minutes_start": 60, "minus_minutes_start": 60, "length": 480, "plus_minutes_end": 60, "minus_minutes_end": 60, "available_days": "*"}], "Requirements": [8, 8, 8, 8, 5, 2, 8, 13, 13, 13, 17, 17, 17, 12, 7, 4, 4, 4, 4, 0, 0, 3, 6, 11, 11, 11, 11, 11, 8, 5, 6, 11, 11, 11, 15, 15, 15, 12, 7, 4, 4, 4, 4, 0, 0, 3, 6, 11, 11, 11, 11, 11, 8, 5, 6, 11, 11, 11, 15, 15, 15, 12, 7, 4, 4, 4, 4, 0, 0, 3, 6, 11, 11, 11, 11, 11, 8, 5, 6, 11, 11, 11, 15, 15, 15, 12, 7, 4, 4, 4, 4, 0, 0, 1, 4, 9, 9, 9, 9, 9, 8, 5, 7, 12, 12, 12, 16, 16, 16, 12, 7, 4, 4, 4, 4, 0, 0, 3, 6, 11, 11, 11, 11, 11, 8, 5, 6, 10, 10, 10, 14, 14, 14, 9, 6, 4, 4, 4, 4, 0, 0, 3, 6, 8, 8, 8, 8, 8, 5, 2, 6, 10, 10, 10, 14, 14, 14, 9, 6, 4, 4, 4, 4, 0, 0, 3, 6, 8], "DaysPerCycle": 7, "SD_ObjWeightShifts": 60, "SD_ObjWeightUnderCover": 1, "SD_ObjWeightOverCover": 1, "MinShift": 4, "MaxShift": 6, "MinShiftType": [1, 2, 4, 4], "MaxShiftType": [4, 6, 5, 4], "MinOff": 2, "MaxOff": 4, "ForwardRotation": true}