{"MinuteInterval": 60, "Number of shift templates": 4, "Shift templates": [{"abbr": "F", "full_name": "Fr\u00fchschicht", "start_time": "6:0", "plus_minutes_start": 120, "minus_minutes_start": 60, "length": 480, "plus_minutes_end": 60, "minus_minutes_end": 60, "available_days": "*"}, {"abbr": "T", "full_name": "Tagschicht", "start_time": "10:0", "plus_minutes_start": 60, "minus_minutes_start": 60, "length": 480, "plus_minutes_end": 60, "minus_minutes_end": 60, "available_days": "*"}, {"abbr": "S", "full_name": "Sp\u00e4tschicht", "start_time": "14:0", "plus_minutes_start": 60, "minus_minutes_start": 60, "length": 480, "plus_minutes_end": 60, "minus_minutes_end": 60, "available_days": "*"}, {"abbr": "N", "full_name": "Nachtschicht", "start_time": "22:0", "plus_minutes_start": 60, "minus_minutes_start": 60, "length": 480, "plus_minutes_end": 60, "minus_minutes_end": 60, "available_days": "*"}], "Requirements": [2, 2, 2, 2, 2, 0, 0, 0, 0, 2, 2, 7, 7, 12, 16, 23, 23, 21, 21, 17, 16, 12, 8, 3, 3, 3, 3, 3, 3, 0, 0, 0, 0, 0, 0, 2, 2, 7, 11, 18, 18, 18, 18, 17, 16, 12, 10, 5, 5, 5, 5, 5, 5, 0, 0, 0, 0, 0, 0, 2, 2, 7, 11, 18, 18, 18, 18, 17, 16, 12, 10, 5, 5, 5, 5, 5, 5, 0, 0, 0, 0, 0, 0, 6, 6, 6, 10, 17, 17, 17, 17, 16, 11, 12, 10, 5, 5, 5, 5, 5, 5, 0, 0, 0, 0, 0, 0, 5, 5, 8, 12, 19, 19, 19, 19, 18, 14, 12, 10, 5, 5, 5, 5, 5, 5, 0, 0, 0, 0, 5, 5, 5, 5, 6, 7, 13, 13, 8, 8, 8, 8, 9, 7, 2, 2, 2, 2, 2, 2, 0, 0, 0, 0, 5, 5, 5, 5, 6, 10, 16, 16, 11, 11, 11, 11, 12, 7, 2], "DaysPerCycle": 7, "SD_ObjWeightShifts": 60, "SD_ObjWeightUnderCover": 1, "SD_ObjWeightOverCover": 1, "MinShift": 4, "MaxShift": 6, "MinShiftType": [3, 1, 3, 2], "MaxShiftType": [6, 6, 5, 5], "MinOff": 2, "MaxOff": 4, "ForwardRotation": true}