{"MinuteInterval": 60, "Number of shift templates": 4, "Shift templates": [{"abbr": "F", "full_name": "Fr\u00fchschicht", "start_time": "6:0", "plus_minutes_start": 120, "minus_minutes_start": 60, "length": 480, "plus_minutes_end": 60, "minus_minutes_end": 60, "available_days": "*"}, {"abbr": "T", "full_name": "Tagschicht", "start_time": "10:0", "plus_minutes_start": 60, "minus_minutes_start": 60, "length": 480, "plus_minutes_end": 60, "minus_minutes_end": 60, "available_days": "*"}, {"abbr": "S", "full_name": "Sp\u00e4tschicht", "start_time": "14:0", "plus_minutes_start": 60, "minus_minutes_start": 60, "length": 480, "plus_minutes_end": 60, "minus_minutes_end": 60, "available_days": "*"}, {"abbr": "N", "full_name": "Nachtschicht", "start_time": "22:0", "plus_minutes_start": 60, "minus_minutes_start": 60, "length": 480, "plus_minutes_end": 60, "minus_minutes_end": 60, "available_days": "*"}], "Requirements": [0, 0, 0, 0, 0, 0, 5, 5, 5, 10, 11, 13, 13, 17, 12, 12, 12, 6, 6, 6, 0, 0, 0, 0, 0, 0, 0, 0, 0, 0, 5, 5, 5, 10, 11, 14, 14, 18, 13, 13, 13, 7, 7, 6, 0, 0, 0, 0, 0, 0, 0, 0, 0, 0, 5, 5, 5, 10, 11, 14, 14, 18, 13, 13, 13, 7, 7, 6, 0, 0, 0, 0, 0, 0, 0, 0, 0, 0, 5, 5, 5, 10, 11, 16, 16, 20, 15, 15, 15, 9, 9, 8, 0, 0, 0, 0, 0, 0, 0, 0, 0, 0, 5, 5, 5, 10, 14, 17, 17, 21, 16, 16, 16, 7, 7, 6, 0, 0, 0, 0, 0, 0, 0, 0, 0, 0, 2, 2, 2, 3, 4, 8, 8, 15, 14, 14, 14, 12, 12, 11, 6, 1, 0, 0, 0, 0, 0, 0, 0, 0, 2, 2, 2, 3, 4, 8, 8, 15, 14, 14, 14, 12, 12, 11, 6, 1, 0, 0], "DaysPerCycle": 7, "SD_ObjWeightShifts": 60, "SD_ObjWeightUnderCover": 1, "SD_ObjWeightOverCover": 1, "MinShift": 4, "MaxShift": 5, "MinShiftType": [4, 1, 1, 1], "MaxShiftType": [5, 4, 4, 4], "MinOff": 2, "MaxOff": 4, "ForwardRotation": true}