{"MinuteInterval": 60, "Number of shift templates": 4, "Shift templates": [{"abbr": "F", "full_name": "Fr\u00fchschicht", "start_time": "6:0", "plus_minutes_start": 120, "minus_minutes_start": 60, "length": 480, "plus_minutes_end": 60, "minus_minutes_end": 60, "available_days": "*"}, {"abbr": "T", "full_name": "Tagschicht", "start_time": "10:0", "plus_minutes_start": 60, "minus_minutes_start": 60, "length": 480, "plus_minutes_end": 60, "minus_minutes_end": 60, "available_days": "*"}, {"abbr": "S", "full_name": "Sp\u00e4tschicht", "start_time": "14:0", "plus_minutes_start": 60, "minus_minutes_start": 60, "length": 480, "plus_minutes_end": 60, "minus_minutes_end": 60, "available_days": "*"}, {"abbr": "N", "full_name": "Nachtschicht", "start_time": "22:0", "plus_minutes_start": 60, "minus_minutes_start": 60, "length": 480, "plus_minutes_end": 60, "minus_minutes_end": 60, "available_days": "*"}], "Requirements": [0, 0, 0, 0, 0, 1, 5, 5, 5, 10, 15, 15, 14, 14, 16, 14, 9, 7, 7, 4, 4, 2, 0, 0, 0, 0, 0, 0, 0, 1, 5, 5, 5, 10, 15, 15, 14, 17, 19, 17, 12, 10, 10, 7, 4, 2, 0, 0, 0, 0, 0, 0, 0, 1, 5, 5, 5, 7, 12, 12, 11, 11, 13, 11, 9, 7, 7, 4, 4, 2, 0, 0, 0, 0, 0, 0, 0, 1, 5, 5, 5, 10, 15, 15, 14, 14, 16, 14, 9, 7, 7, 4, 4, 2, 0, 0, 0, 0, 0, 0, 0, 1, 5, 5, 5, 10, 15, 15, 14, 14, 15, 13, 8, 6, 6, 3, 3, 2, 0, 0, 0, 0, 0, 0, 0, 1, 5, 5, 5, 10, 14, 14, 13, 15, 17, 15, 10, 8, 8, 6, 4, 2, 0, 0, 0, 0, 0, 0, 0, 3, 7, 7, 7, 12, 18, 18, 15, 17, 19, 19, 14, 10, 10, 8, 6, 4, 0, 0], "DaysPerCycle": 7, "SD_ObjWeightShifts": 60, "SD_ObjWeightUnderCover": 1, "SD_ObjWeightOverCover": 1, "MinShift": 2, "MaxShift": 5, "MinShiftType": [3, 3, 2, 2], "MaxShiftType": [4, 4, 4, 4], "MinOff": 1, "MaxOff": 2, "ForwardRotation": true}