{"MinuteInterval": 60, "Number of shift templates": 4, "Shift templates": [{"abbr": "F", "full_name": "Fr\u00fchschicht", "start_time": "6:0", "plus_minutes_start": 120, "minus_minutes_start": 60, "length": 480, "plus_minutes_end": 60, "minus_minutes_end": 60, "available_days": "*"}, {"abbr": "T", "full_name": "Tagschicht", "start_time": "10:0", "plus_minutes_start": 60, "minus_minutes_start": 60, "length": 480, "plus_minutes_end": 60, "minus_minutes_end": 60, "available_days": "*"}, {"abbr": "S", "full_name": "Sp\u00e4tschicht", "start_time": "14:0", "plus_minutes_start": 60, "minus_minutes_start": 60, "length": 480, "plus_minutes_end": 60, "minus_minutes_end": 60, "available_days": "*"}, {"abbr": "N", "full_name": "Nachtschicht", "start_time": "22:0", "plus_minutes_start": 60, "minus_minutes_start": 60, "length": 480, "plus_minutes_end": 60, "minus_minutes_end": 60, "available_days": "*"}], "Requirements": [13, 13, 13, 13, 8, 7, 2, 2, 2, 9, 15, 15, 15, 15, 15, 13, 10, 7, 3, 0, 0, 9, 9, 11, 11, 11, 11, 11, 6, 2, 2, 2, 2, 9, 15, 15, 15, 15, 15, 13, 10, 7, 3, 0, 0, 9, 11, 13, 13, 13, 13, 13, 8, 4, 2, 2, 2, 9, 15, 15, 15, 15, 15, 13, 10, 7, 3, 0, 0, 9, 11, 13, 13, 13, 13, 13, 8, 4, 2, 2, 2, 9, 15, 15, 15, 15, 15, 13, 10, 7, 3, 0, 0, 9, 11, 13, 13, 13, 13, 13, 8, 4, 2, 2, 2, 6, 12, 12, 12, 12, 12, 10, 10, 7, 3, 0, 0, 9, 11, 13, 13, 13, 13, 13, 8, 4, 4, 4, 4, 5, 11, 11, 11, 11, 11, 7, 7, 4, 3, 0, 0, 6, 8, 13, 13, 13, 13, 13, 8, 7, 2, 2, 2, 3, 11, 11, 11, 11, 11, 9, 9, 4, 3, 0, 0, 6, 8, 13], "DaysPerCycle": 7, "SD_ObjWeightShifts": 60, "SD_ObjWeightUnderCover": 1, "SD_ObjWeightOverCover": 1, "MinShift": 3, "MaxShift": 6, "MinShiftType": [4, 3, 4, 2], "MaxShiftType": [6, 5, 5, 5], "MinOff": 2, "MaxOff": 4, "ForwardRotation": true}