{"MinuteInterval": 60, "Number of shift templates": 4, "Shift templates": [{"abbr": "F", "full_name": "Fr\u00fchschicht", "start_time": "6:0", "plus_minutes_start": 120, "minus_minutes_start": 60, "length": 480, "plus_minutes_end": 60, "minus_minutes_end": 60, "available_days": "*"}, {"abbr": "T", "full_name": "Tagschicht", "start_time": "10:0", "plus_minutes_start": 60, "minus_minutes_start": 60, "length": 480, "plus_minutes_end": 60, "minus_minutes_end": 60, "available_days": "*"}, {"abbr": "S", "full_name": "Sp\u00e4tschicht", "start_time": "14:0", "plus_minutes_start": 60, "minus_minutes_start": 60, "length": 480, "plus_minutes_end": 60, "minus_minutes_end": 60, "available_days": "*"}, {"abbr": "N", "full_name": "Nachtschicht", "start_time": "22:0", "plus_minutes_start": 60, "minus_minutes_start": 60, "length": 480, "plus_minutes_end": 60, "minus_minutes_end": 60, "available_days": "*"}], "Requirements": [9, 9, 9, 9, 5, 4, 4, 4, 5, 5, 8, 11, 11, 11, 15, 10, 10, 8, 7, 6, 4, 8, 6, 10, 10, 10, 10, 10, 8, 4, 4, 4, 5, 10, 12, 15, 15, 15, 19, 14, 9, 7, 7, 6, 4, 4, 2, 7, 7, 7, 7, 7, 5, 5, 5, 5, 5, 10, 13, 16, 16, 16, 20, 15, 10, 8, 7, 6, 4, 4, 2, 6, 6, 6, 6, 6, 4, 4, 4, 4, 5, 10, 13, 19, 19, 19, 23, 18, 13, 11, 10, 6, 4, 4, 2, 6, 6, 6, 6, 6, 4, 4, 4, 4, 5, 10, 13, 16, 16, 16, 20, 15, 10, 8, 7, 6, 4, 7, 5, 10, 10, 10, 10, 10, 8, 5, 5, 5, 5, 10, 12, 16, 16, 16, 20, 15, 10, 8, 8, 7, 4, 11, 9, 13, 13, 13, 13, 13, 9, 4, 4, 4, 5, 10, 12, 16, 16, 16, 20, 15, 10, 8, 8, 7, 4, 7, 5, 9], "DaysPerCycle": 7, "SD_ObjWeightShifts": 60, "SD_ObjWeightUnderCover": 1, "SD_ObjWeightOverCover": 1, "MinShift": 2, "MaxShift": 7, "MinShiftType": [3, 4, 3, 2], "MaxShiftType": [5, 4, 7, 7], "MinOff": 1, "MaxOff": 3, "ForwardRotation": true}