{"MinuteInterval": 60, "Number of shift templates": 4, "Shift templates": [{"abbr": "F", "full_name": "Fr\u00fchschicht", "start_time": "6:0", "plus_minutes_start": 120, "minus_minutes_start": 60, "length": 480, "plus_minutes_end": 60, "minus_minutes_end": 60, "available_days": "*"}, {"abbr": "T", "full_name": "Tagschicht", "start_time": "10:0", "plus_minutes_start": 60, "minus_minutes_start": 60, "length": 480, "plus_minutes_end": 60, "minus_minutes_end": 60, "available_days": "*"}, {"abbr": "S", "full_name": "Sp\u00e4tschicht", "start_time": "14:0", "plus_minutes_start": 60, "minus_minutes_start": 60, "length": 480, "plus_minutes_end": 60, "minus_minutes_end": 60, "available_days": "*"}, {"abbr": "N", "full_name": "Nachtschicht", "start_time": "22:0", "plus_minutes_start": 60, "minus_minutes_start": 60, "length": 480, "plus_minutes_end": 60, "minus_minutes_end": 60, "available_days": "*"}], "Requirements": [5, 5, 5, 5, 1, 2, 2, 2, 1, 5, 6, 6, 5, 9, 9, 9, 9, 5, 5, 4, 0, 4, 4, 5, 5, 5, 5, 5, 1, 2, 2, 2, 1, 5, 6, 6, 5, 9, 9, 9, 9, 5, 5, 4, 0, 4, 4, 5, 5, 5, 5, 5, 1, 2, 2, 2, 1, 1, 2, 2, 1, 5, 5, 5, 5, 5, 5, 4, 0, 4, 4, 5, 5, 5, 5, 5, 1, 2, 2, 2, 1, 5, 6, 6, 5, 9, 9, 9, 9, 5, 5, 4, 0, 4, 4, 5, 5, 5, 5, 5, 1, 2, 2, 2, 1, 5, 6, 6, 5, 9, 9, 10, 10, 6, 6, 5, 1, 5, 5, 6, 5, 5, 5, 5, 1, 3, 3, 3, 2, 4, 6, 6, 4, 7, 7, 7, 7, 5, 5, 3, 0, 4, 4, 5, 5, 5, 5, 5, 1, 4, 4, 4, 3, 5, 7, 7, 4, 7, 7, 7, 7, 5, 5, 3, 0, 4, 4, 5], "DaysPerCycle": 7, "SD_ObjWeightShifts": 60, "SD_ObjWeightUnderCover": 1, "SD_ObjWeightOverCover": 1, "MinShift": 4, "MaxShift": 7, "MinShiftType": [3, 3, 2, 3], "MaxShiftType": [7, 4, 5, 4], "MinOff": 2, "MaxOff": 4, "ForwardRotation": true}