{"MinuteInterval": 60, "Number of shift templates": 4, "Shift templates": [{"abbr": "F", "full_name": "Fr\u00fchschicht", "start_time": "6:0", "plus_minutes_start": 120, "minus_minutes_start": 60, "length": 480, "plus_minutes_end": 60, "minus_minutes_end": 60, "available_days": "*"}, {"abbr": "T", "full_name": "Tagschicht", "start_time": "10:0", "plus_minutes_start": 60, "minus_minutes_start": 60, "length": 480, "plus_minutes_end": 60, "minus_minutes_end": 60, "available_days": "*"}, {"abbr": "S", "full_name": "Sp\u00e4tschicht", "start_time": "14:0", "plus_minutes_start": 60, "minus_minutes_start": 60, "length": 480, "plus_minutes_end": 60, "minus_minutes_end": 60, "available_days": "*"}, {"abbr": "N", "full_name": "Nachtschicht", "start_time": "22:0", "plus_minutes_start": 60, "minus_minutes_start": 60, "length": 480, "plus_minutes_end": 60, "minus_minutes_end": 60, "available_days": "*"}], "Requirements": [4, 4, 4, 4, 4, 6, 5, 12, 12, 13, 14, 14, 14, 12, 9, 9, 6, 6, 5, 5, 5, 5, 10, 10, 5, 5, 5, 5, 5, 7, 5, 12, 12, 15, 16, 16, 16, 14, 11, 11, 6, 6, 5, 5, 5, 5, 10, 10, 5, 5, 5, 5, 5, 7, 5, 12, 12, 15, 16, 16, 16, 14, 11, 11, 6, 6, 5, 5, 5, 5, 5, 5, 0, 0, 0, 0, 0, 2, 5, 9, 9, 12, 13, 13, 13, 11, 8, 11, 6, 6, 5, 5, 5, 5, 10, 10, 5, 5, 5, 5, 5, 9, 7, 14, 14, 17, 17, 17, 17, 13, 10, 10, 5, 5, 5, 5, 5, 5, 10, 10, 5, 5, 5, 5, 5, 7, 5, 11, 11, 15, 16, 16, 16, 14, 11, 15, 6, 6, 5, 5, 5, 5, 9, 9, 4, 4, 4, 4, 4, 6, 5, 15, 15, 19, 20, 20, 20, 18, 15, 15, 6, 6, 5, 5, 5, 5, 9, 9], "DaysPerCycle": 7, "SD_ObjWeightShifts": 60, "SD_ObjWeightUnderCover": 1, "SD_ObjWeightOverCover": 1, "MinShift": 4, "MaxShift": 5, "MinShiftType": [2, 1, 4, 4], "MaxShiftType": [4, 5, 5, 5], "MinOff": 2, "MaxOff": 2, "ForwardRotation": true}