{"MinuteInterval": 60, "Number of shift templates": 4, "Shift templates": [{"abbr": "M", "full_name": "MorningShift", "start_time": "6:0", "plus_minutes_start": 120, "minus_minutes_start": 60, "length": 480, "plus_minutes_end": 60, "minus_minutes_end": 60, "available_days": "*"}, {"abbr": "D", "full_name": "Dayshift", "start_time": "10:0", "plus_minutes_start": 60, "minus_minutes_start": 60, "length": 480, "plus_minutes_end": 60, "minus_minutes_end": 60, "available_days": "*"}, {"abbr": "E", "full_name": "Eveningshift", "start_time": "14:0", "plus_minutes_start": 60, "minus_minutes_start": 60, "length": 480, "plus_minutes_end": 60, "minus_minutes_end": 60, "available_days": "*"}, {"abbr": "N", "full_name": "Nightshift", "start_time": "22:0", "plus_minutes_start": 60, "minus_minutes_start": 60, "length": 480, "plus_minutes_end": 60, "minus_minutes_end": 60, "available_days": "*"}], "Requirements": [7, 7, 7, 7, 5, 1, 5, 10, 10, 12, 13, 13, 13, 11, 14, 14, 8, 7, 6, 6, 6, 8, 6, 6, 6, 6, 6, 6, 3, 3, 7, 10, 10, 12, 13, 13, 13, 9, 12, 12, 6, 5, 4, 4, 4, 6, 6, 6, 6, 6, 6, 6, 3, 3, 7, 10, 10, 12, 13, 13, 13, 11, 18, 18, 12, 11, 10, 10, 10, 12, 6, 6, 6, 6, 6, 6, 3, 3, 7, 10, 10, 12, 13, 13, 13, 11, 14, 14, 8, 7, 6, 6, 6, 8, 6, 6, 6, 6, 6, 6, 3, 3, 7, 10, 10, 12, 13, 13, 13, 11, 17, 17, 11, 10, 9, 9, 9, 11, 6, 6, 6, 6, 6, 6, 3, 3, 7, 10, 10, 14, 15, 15, 15, 13, 20, 20, 15, 11, 10, 10, 10, 12, 11, 11, 11, 11, 11, 11, 9, 5, 9, 10, 10, 11, 12, 12, 12, 10, 12, 12, 7, 6, 5, 5, 5, 12, 7, 7], "DaysPerCycle": 7, "SD_ObjWeightShifts": 60, "SD_ObjWeightUnderCover": 1, "SD_ObjWeightOverCover": 1, "MinShift": 3, "MaxShift": 5, "MinShiftType": [4, 3, 2, 1], "MaxShiftType": [4, 5, 5, 4], "MinOff": 1, "MaxOff": 3, "ForwardRotation": true}