{"MinuteInterval": 60, "Number of shift templates": 4, "Shift templates": [{"abbr": "M", "full_name": "MorningShift", "start_time": "6:0", "plus_minutes_start": 120, "minus_minutes_start": 60, "length": 480, "plus_minutes_end": 60, "minus_minutes_end": 60, "available_days": "*"}, {"abbr": "D", "full_name": "Dayshift", "start_time": "10:0", "plus_minutes_start": 60, "minus_minutes_start": 60, "length": 480, "plus_minutes_end": 60, "minus_minutes_end": 60, "available_days": "*"}, {"abbr": "E", "full_name": "Eveningshift", "start_time": "14:0", "plus_minutes_start": 60, "minus_minutes_start": 60, "length": 480, "plus_minutes_end": 60, "minus_minutes_end": 60, "available_days": "*"}, {"abbr": "N", "full_name": "Nightshift", "start_time": "22:0", "plus_minutes_start": 60, "minus_minutes_start": 60, "length": 480, "plus_minutes_end": 60, "minus_minutes_end": 60, "available_days": "*"}], "Requirements": [7, 7, 7, 7, 6, 8, 5, 6, 9, 19, 20, 22, 17, 19, 26, 26, 18, 18, 10, 10, 10, 16, 16, 13, 13, 13, 13, 13, 12, 14, 10, 6, 9, 14, 15, 17, 12, 14, 21, 21, 18, 18, 10, 10, 10, 16, 16, 13, 13, 13, 13, 13, 12, 14, 10, 6, 9, 19, 20, 22, 17, 19, 26, 28, 20, 20, 12, 12, 12, 18, 14, 11, 9, 9, 9, 9, 8, 10, 6, 5, 8, 18, 19, 21, 16, 18, 25, 25, 17, 17, 9, 9, 9, 15, 16, 13, 13, 13, 13, 13, 12, 14, 10, 6, 9, 15, 16, 19, 14, 16, 23, 24, 20, 20, 11, 11, 11, 17, 17, 14, 13, 13, 13, 13, 12, 15, 11, 7, 11, 18, 19, 22, 18, 20, 25, 25, 19, 19, 10, 10, 10, 15, 10, 7, 7, 7, 7, 7, 6, 6, 3, 4, 8, 15, 16, 19, 18, 21, 26, 26, 20, 20, 11, 11, 11, 15, 10, 7], "DaysPerCycle": 7, "SD_ObjWeightShifts": 60, "SD_ObjWeightUnderCover": 1, "SD_ObjWeightOverCover": 1, "MinShift": 3, "MaxShift": 7, "MinShiftType": [2, 1, 2, 2], "MaxShiftType": [6, 6, 7, 7], "MinOff": 1, "MaxOff": 2, "ForwardRotation": true}