{"MinuteInterval": 60, "Number of shift templates": 4, "Shift templates": [{"abbr": "F", "full_name": "Fr\u00fchschicht", "start_time": "6:0", "plus_minutes_start": 120, "minus_minutes_start": 60, "length": 480, "plus_minutes_end": 60, "minus_minutes_end": 60, "available_days": "*"}, {"abbr": "T", "full_name": "Tagschicht", "start_time": "10:0", "plus_minutes_start": 60, "minus_minutes_start": 60, "length": 480, "plus_minutes_end": 60, "minus_minutes_end": 60, "available_days": "*"}, {"abbr": "S", "full_name": "Sp\u00e4tschicht", "start_time": "14:0", "plus_minutes_start": 60, "minus_minutes_start": 60, "length": 480, "plus_minutes_end": 60, "minus_minutes_end": 60, "available_days": "*"}, {"abbr": "N", "full_name": "Nachtschicht", "start_time": "22:0", "plus_minutes_start": 60, "minus_minutes_start": 60, "length": 480, "plus_minutes_end": 60, "minus_minutes_end": 60, "available_days": "*"}], "Requirements": [10, 10, 10, 10, 5, 5, 12, 12, 10, 19, 19, 20, 20, 20, 18, 13, 8, 8, 3, 3, 3, 6, 9, 10, 7, 7, 7, 7, 4, 4, 11, 11, 10, 16, 16, 17, 17, 17, 15, 10, 5, 5, 3, 3, 3, 6, 9, 10, 7, 7, 7, 7, 4, 4, 11, 11, 10, 16, 16, 17, 17, 17, 15, 12, 7, 7, 5, 5, 5, 8, 11, 12, 7, 7, 7, 7, 4, 4, 13, 13, 12, 18, 18, 19, 19, 19, 15, 10, 5, 5, 3, 3, 3, 6, 9, 10, 7, 7, 7, 7, 4, 4, 11, 11, 10, 15, 15, 15, 15, 15, 13, 8, 3, 3, 3, 3, 3, 6, 9, 10, 7, 7, 7, 7, 4, 4, 13, 14, 13, 19, 19, 22, 22, 27, 22, 17, 14, 14, 10, 8, 8, 8, 11, 13, 10, 10, 10, 10, 5, 5, 14, 15, 13, 20, 20, 26, 26, 31, 26, 21, 19, 19, 13, 8, 8, 8, 11, 13], "DaysPerCycle": 7, "SD_ObjWeightShifts": 60, "SD_ObjWeightUnderCover": 1, "SD_ObjWeightOverCover": 1, "MinShift": 2, "MaxShift": 5, "MinShiftType": [1, 2, 4, 3], "MaxShiftType": [4, 4, 5, 5], "MinOff": 2, "MaxOff": 2, "ForwardRotation": true}