{"MinuteInterval": 60, "Number of shift templates": 4, "Shift templates": [{"abbr": "F", "full_name": "Fr\u00fchschicht", "start_time": "6:0", "plus_minutes_start": 120, "minus_minutes_start": 60, "length": 480, "plus_minutes_end": 60, "minus_minutes_end": 60, "available_days": "*"}, {"abbr": "T", "full_name": "Tagschicht", "start_time": "10:0", "plus_minutes_start": 60, "minus_minutes_start": 60, "length": 480, "plus_minutes_end": 60, "minus_minutes_end": 60, "available_days": "*"}, {"abbr": "S", "full_name": "Sp\u00e4tschicht", "start_time": "14:0", "plus_minutes_start": 60, "minus_minutes_start": 60, "length": 480, "plus_minutes_end": 60, "minus_minutes_end": 60, "available_days": "*"}, {"abbr": "N", "full_name": "Nachtschicht", "start_time": "22:0", "plus_minutes_start": 60, "minus_minutes_start": 60, "length": 480, "plus_minutes_end": 60, "minus_minutes_end": 60, "available_days": "*"}], "Requirements": [8, 8, 8, 8, 8, 11, 6, 3, 6, 6, 10, 10, 10, 10, 9, 8, 8, 8, 8, 4, 4, 4, 4, 6, 4, 4, 4, 4, 4, 4, 2, 0, 3, 3, 7, 7, 7, 7, 7, 9, 9, 9, 9, 5, 5, 5, 7, 7, 2, 2, 2, 2, 2, 5, 5, 3, 6, 6, 10, 10, 10, 10, 8, 8, 8, 8, 8, 4, 4, 4, 5, 7, 4, 4, 4, 4, 4, 7, 5, 3, 6, 6, 10, 10, 10, 10, 7, 9, 9, 9, 9, 5, 5, 5, 7, 9, 4, 4, 4, 4, 4, 7, 5, 3, 6, 6, 10, 10, 10, 10, 9, 11, 11, 11, 11, 7, 7, 7, 7, 9, 4, 4, 4, 4, 4, 7, 5, 3, 6, 6, 10, 10, 10, 12, 11, 13, 13, 13, 13, 9, 7, 7, 8, 13, 8, 8, 8, 8, 8, 11, 6, 3, 6, 6, 10, 10, 10, 10, 9, 11, 11, 11, 11, 7, 7, 7, 8, 13], "DaysPerCycle": 7, "SD_ObjWeightShifts": 60, "SD_ObjWeightUnderCover": 1, "SD_ObjWeightOverCover": 1, "MinShift": 3, "MaxShift": 5, "MinShiftType": [3, 2, 3, 2], "MaxShiftType": [5, 4, 5, 4], "MinOff": 1, "MaxOff": 2, "ForwardRotation": true}