{"MinuteInterval": 60, "Number of shift templates": 4, "Shift templates": [{"abbr": "F", "full_name": "Fr\u00fchschicht", "start_time": "6:0", "plus_minutes_start": 120, "minus_minutes_start": 60, "length": 480, "plus_minutes_end": 60, "minus_minutes_end": 60, "available_days": "*"}, {"abbr": "T", "full_name": "Tagschicht", "start_time": "10:0", "plus_minutes_start": 60, "minus_minutes_start": 60, "length": 480, "plus_minutes_end": 60, "minus_minutes_end": 60, "available_days": "*"}, {"abbr": "S", "full_name": "Sp\u00e4tschicht", "start_time": "14:0", "plus_minutes_start": 60, "minus_minutes_start": 60, "length": 480, "plus_minutes_end": 60, "minus_minutes_end": 60, "available_days": "*"}, {"abbr": "N", "full_name": "Nachtschicht", "start_time": "22:0", "plus_minutes_start": 60, "minus_minutes_start": 60, "length": 480, "plus_minutes_end": 60, "minus_minutes_end": 60, "available_days": "*"}], "Requirements": [2, 2, 2, 2, 1, 0, 0, 3, 7, 14, 14, 23, 23, 26, 37, 34, 34, 26, 18, 18, 14, 11, 8, 6, 6, 6, 6, 6, 1, 0, 0, 3, 7, 14, 14, 23, 23, 26, 37, 34, 34, 26, 18, 18, 14, 11, 8, 6, 6, 6, 6, 6, 1, 0, 0, 3, 5, 12, 12, 21, 21, 26, 37, 34, 34, 28, 20, 20, 16, 11, 8, 6, 6, 6, 6, 6, 1, 0, 0, 3, 7, 15, 15, 21, 21, 24, 35, 32, 32, 24, 18, 18, 14, 11, 10, 8, 8, 8, 8, 8, 3, 0, 0, 3, 7, 15, 15, 24, 24, 27, 38, 35, 35, 27, 18, 18, 14, 11, 8, 6, 6, 6, 6, 6, 1, 0, 0, 3, 4, 4, 4, 9, 9, 13, 22, 19, 19, 18, 14, 14, 13, 7, 7, 5, 5, 5, 5, 5, 5, 0, 0, 3, 4, 4, 4, 11, 11, 15, 24, 21, 21, 20, 16, 16, 13, 8, 4, 2], "DaysPerCycle": 7, "SD_ObjWeightShifts": 60, "SD_ObjWeightUnderCover": 1, "SD_ObjWeightOverCover": 1, "MinShift": 3, "MaxShift": 5, "MinShiftType": [1, 4, 4, 3], "MaxShiftType": [4, 4, 4, 4], "MinOff": 1, "MaxOff": 2, "ForwardRotation": true}