{"MinuteInterval": 60, "Number of shift templates": 4, "Shift templates": [{"abbr": "F", "full_name": "Fr\u00fchschicht", "start_time": "6:0", "plus_minutes_start": 120, "minus_minutes_start": 60, "length": 480, "plus_minutes_end": 60, "minus_minutes_end": 60, "available_days": "*"}, {"abbr": "T", "full_name": "Tagschicht", "start_time": "10:0", "plus_minutes_start": 60, "minus_minutes_start": 60, "length": 480, "plus_minutes_end": 60, "minus_minutes_end": 60, "available_days": "*"}, {"abbr": "S", "full_name": "Sp\u00e4tschicht", "start_time": "14:0", "plus_minutes_start": 60, "minus_minutes_start": 60, "length": 480, "plus_minutes_end": 60, "minus_minutes_end": 60, "available_days": "*"}, {"abbr": "N", "full_name": "Nachtschicht", "start_time": "22:0", "plus_minutes_start": 60, "minus_minutes_start": 60, "length": 480, "plus_minutes_end": 60, "minus_minutes_end": 60, "available_days": "*"}], "Requirements": [16, 16, 16, 16, 15, 15, 10, 4, 0, 2, 2, 4, 4, 6, 11, 11, 11, 11, 9, 7, 7, 13, 7, 13, 13, 13, 13, 13, 12, 12, 7, 1, 0, 2, 2, 4, 4, 6, 11, 11, 11, 11, 9, 7, 7, 13, 7, 14, 14, 14, 14, 14, 13, 13, 8, 5, 0, 2, 2, 4, 4, 6, 11, 11, 11, 11, 9, 7, 7, 13, 9, 19, 19, 19, 19, 19, 18, 18, 13, 5, 0, 2, 2, 4, 4, 6, 11, 11, 11, 11, 9, 7, 7, 13, 7, 17, 17, 17, 17, 17, 16, 16, 11, 5, 0, 2, 2, 4, 4, 6, 11, 11, 11, 11, 9, 7, 7, 14, 8, 15, 15, 15, 15, 15, 13, 13, 8, 2, 0, 2, 2, 7, 7, 12, 14, 14, 14, 14, 12, 7, 7, 13, 7, 16, 16, 16, 16, 16, 15, 15, 10, 4, 0, 2, 2, 7, 7, 12, 14, 14, 14, 14, 12, 7, 7, 13, 7, 16], "DaysPerCycle": 7, "SD_ObjWeightShifts": 60, "SD_ObjWeightUnderCover": 1, "SD_ObjWeightOverCover": 1, "MinShift": 4, "MaxShift": 5, "MinShiftType": [3, 3, 3, 1], "MaxShiftType": [5, 5, 4, 5], "MinOff": 2, "MaxOff": 2, "ForwardRotation": true}