{"MinuteInterval": 60, "Number of shift templates": 4, "Shift templates": [{"abbr": "F", "full_name": "Fr\u00fchschicht", "start_time": "6:0", "plus_minutes_start": 120, "minus_minutes_start": 60, "length": 480, "plus_minutes_end": 60, "minus_minutes_end": 60, "available_days": "*"}, {"abbr": "T", "full_name": "Tagschicht", "start_time": "10:0", "plus_minutes_start": 60, "minus_minutes_start": 60, "length": 480, "plus_minutes_end": 60, "minus_minutes_end": 60, "available_days": "*"}, {"abbr": "S", "full_name": "Sp\u00e4tschicht", "start_time": "14:0", "plus_minutes_start": 60, "minus_minutes_start": 60, "length": 480, "plus_minutes_end": 60, "minus_minutes_end": 60, "available_days": "*"}, {"abbr": "N", "full_name": "Nachtschicht", "start_time": "22:0", "plus_minutes_start": 60, "minus_minutes_start": 60, "length": 480, "plus_minutes_end": 60, "minus_minutes_end": 60, "available_days": "*"}], "Requirements": [1, 1, 1, 1, 1, 0, 4, 12, 15, 15, 15, 15, 15, 22, 20, 20, 18, 18, 18, 18, 18, 15, 8, 5, 1, 1, 1, 1, 1, 0, 4, 12, 17, 17, 17, 17, 17, 25, 22, 20, 18, 18, 18, 18, 18, 15, 7, 5, 1, 1, 1, 1, 1, 0, 4, 12, 13, 13, 13, 13, 13, 21, 17, 19, 17, 17, 17, 17, 17, 14, 10, 5, 1, 1, 1, 1, 1, 0, 4, 12, 15, 15, 15, 15, 15, 23, 21, 21, 19, 19, 19, 19, 19, 16, 8, 5, 1, 1, 1, 1, 1, 0, 4, 12, 15, 15, 15, 15, 15, 23, 20, 17, 15, 15, 15, 15, 15, 12, 4, 2, 1, 1, 1, 1, 1, 0, 5, 11, 14, 14, 14, 14, 14, 15, 14, 15, 14, 14, 14, 14, 14, 15, 10, 5, 1, 1, 1, 1, 1, 0, 5, 11, 14, 14, 14, 14, 14, 15, 14, 11, 10, 10, 10, 10, 10, 11, 6, 1], "DaysPerCycle": 7, "SD_ObjWeightShifts": 60, "SD_ObjWeightUnderCover": 1, "SD_ObjWeightOverCover": 1, "MinShift": 2, "MaxShift": 5, "MinShiftType": [1, 3, 4, 1], "MaxShiftType": [5, 4, 5, 5], "MinOff": 2, "MaxOff": 4, "ForwardRotation": true}