{"MinuteInterval": 60, "Number of shift templates": 4, "Shift templates": [{"abbr": "F", "full_name": "Fr\u00fchschicht", "start_time": "6:0", "plus_minutes_start": 120, "minus_minutes_start": 60, "length": 480, "plus_minutes_end": 60, "minus_minutes_end": 60, "available_days": "*"}, {"abbr": "T", "full_name": "Tagschicht", "start_time": "10:0", "plus_minutes_start": 60, "minus_minutes_start": 60, "length": 480, "plus_minutes_end": 60, "minus_minutes_end": 60, "available_days": "*"}, {"abbr": "S", "full_name": "Sp\u00e4tschicht", "start_time": "14:0", "plus_minutes_start": 60, "minus_minutes_start": 60, "length": 480, "plus_minutes_end": 60, "minus_minutes_end": 60, "available_days": "*"}, {"abbr": "N", "full_name": "Nachtschicht", "start_time": "22:0", "plus_minutes_start": 60, "minus_minutes_start": 60, "length": 480, "plus_minutes_end": 60, "minus_minutes_end": 60, "available_days": "*"}], "Requirements": [6, 6, 6, 6, 6, 11, 7, 7, 7, 10, 15, 20, 20, 14, 18, 19, 16, 16, 6, 6, 6, 10, 14, 15, 13, 13, 13, 13, 13, 18, 7, 7, 7, 10, 15, 20, 20, 14, 16, 17, 14, 14, 4, 4, 4, 5, 9, 12, 10, 10, 10, 10, 10, 15, 7, 7, 7, 10, 15, 20, 20, 14, 16, 17, 14, 14, 4, 4, 4, 5, 9, 12, 10, 10, 10, 10, 10, 15, 6, 6, 6, 9, 14, 19, 19, 13, 15, 17, 14, 14, 4, 4, 4, 6, 10, 13, 11, 11, 11, 11, 11, 16, 7, 7, 7, 10, 15, 20, 20, 14, 16, 17, 14, 14, 4, 4, 4, 5, 9, 12, 10, 10, 10, 10, 10, 15, 12, 12, 12, 14, 15, 20, 20, 10, 12, 12, 10, 10, 4, 4, 4, 5, 6, 8, 6, 6, 6, 6, 6, 11, 12, 12, 12, 14, 16, 21, 21, 11, 13, 11, 9, 9, 2, 2, 2, 3, 4, 6], "DaysPerCycle": 7, "SD_ObjWeightShifts": 60, "SD_ObjWeightUnderCover": 1, "SD_ObjWeightOverCover": 1, "MinShift": 4, "MaxShift": 7, "MinShiftType": [2, 4, 3, 2], "MaxShiftType": [5, 7, 4, 5], "MinOff": 2, "MaxOff": 3, "ForwardRotation": true}