{"MinuteInterval": 60, "Number of shift templates": 4, "Shift templates": [{"abbr": "M", "full_name": "MorningShift", "start_time": "6:0", "plus_minutes_start": 120, "minus_minutes_start": 60, "length": 480, "plus_minutes_end": 60, "minus_minutes_end": 60, "available_days": "*"}, {"abbr": "D", "full_name": "Dayshift", "start_time": "10:0", "plus_minutes_start": 60, "minus_minutes_start": 60, "length": 480, "plus_minutes_end": 60, "minus_minutes_end": 60, "available_days": "*"}, {"abbr": "E", "full_name": "Eveningshift", "start_time": "14:0", "plus_minutes_start": 60, "minus_minutes_start": 60, "length": 480, "plus_minutes_end": 60, "minus_minutes_end": 60, "available_days": "*"}, {"abbr": "N", "full_name": "Nightshift", "start_time": "22:0", "plus_minutes_start": 60, "minus_minutes_start": 60, "length": 480, "plus_minutes_end": 60, "minus_minutes_end": 60, "available_days": "*"}], "Requirements": [5, 5, 5, 5, 2, 1, 7, 7, 10, 13, 13, 13, 13, 12, 19, 18, 14, 13, 11, 11, 11, 8, 5, 2, 2, 2, 2, 2, 2, 1, 7, 7, 10, 17, 17, 17, 17, 16, 23, 22, 18, 13, 11, 11, 11, 8, 6, 3, 3, 3, 3, 3, 3, 1, 4, 4, 7, 10, 10, 10, 10, 9, 17, 19, 15, 14, 12, 12, 12, 8, 5, 2, 2, 2, 2, 2, 2, 1, 7, 7, 10, 13, 13, 13, 13, 12, 15, 14, 10, 9, 7, 7, 7, 4, 1, 2, 2, 2, 2, 2, 2, 1, 8, 8, 11, 14, 14, 14, 14, 12, 19, 18, 14, 13, 11, 11, 11, 8, 5, 2, 2, 2, 2, 2, 2, 1, 8, 8, 11, 16, 17, 17, 17, 13, 22, 22, 18, 15, 12, 12, 12, 11, 9, 5, 5, 5, 5, 5, 2, 1, 8, 8, 11, 16, 17, 17, 17, 13, 22, 22, 18, 15, 12, 12, 12, 11, 9, 5], "DaysPerCycle": 7, "SD_ObjWeightShifts": 60, "SD_ObjWeightUnderCover": 1, "SD_ObjWeightOverCover": 1, "MinShift": 4, "MaxShift": 5, "MinShiftType": [1, 2, 4, 1], "MaxShiftType": [5, 4, 5, 5], "MinOff": 1, "MaxOff": 4, "ForwardRotation": true}