{"MinuteInterval": 60, "Number of shift templates": 4, "Shift templates": [{"abbr": "M", "full_name": "MorningShift", "start_time": "6:0", "plus_minutes_start": 120, "minus_minutes_start": 60, "length": 480, "plus_minutes_end": 60, "minus_minutes_end": 60, "available_days": "*"}, {"abbr": "D", "full_name": "Dayshift", "start_time": "10:0", "plus_minutes_start": 60, "minus_minutes_start": 60, "length": 480, "plus_minutes_end": 60, "minus_minutes_end": 60, "available_days": "*"}, {"abbr": "E", "full_name": "Eveningshift", "start_time": "14:0", "plus_minutes_start": 60, "minus_minutes_start": 60, "length": 480, "plus_minutes_end": 60, "minus_minutes_end": 60, "available_days": "*"}, {"abbr": "N", "full_name": "Nightshift", "start_time": "22:0", "plus_minutes_start": 60, "minus_minutes_start": 60, "length": 480, "plus_minutes_end": 60, "minus_minutes_end": 60, "available_days": "*"}], "Requirements": [5, 5, 5, 5, 5, 1, 2, 7, 7, 7, 9, 12, 12, 11, 11, 12, 12, 12, 12, 10, 7, 11, 10, 10, 8, 8, 8, 8, 8, 4, 2, 7, 7, 7, 10, 17, 17, 16, 16, 15, 15, 15, 11, 8, 5, 6, 5, 5, 5, 5, 5, 5, 5, 4, 2, 7, 7, 7, 9, 12, 12, 11, 11, 10, 10, 10, 10, 8, 5, 9, 8, 8, 8, 8, 8, 8, 8, 4, 2, 7, 7, 7, 9, 12, 12, 11, 11, 10, 10, 10, 10, 8, 5, 9, 8, 8, 8, 8, 8, 8, 8, 4, 2, 7, 7, 7, 9, 9, 9, 8, 8, 7, 7, 7, 7, 5, 5, 9, 8, 8, 8, 8, 8, 8, 8, 4, 3, 5, 8, 8, 13, 16, 16, 14, 14, 12, 12, 12, 12, 7, 4, 8, 10, 9, 8, 8, 8, 8, 8, 4, 3, 5, 8, 8, 13, 16, 16, 14, 14, 12, 12, 12, 12, 7, 4, 8, 7, 6], "DaysPerCycle": 7, "SD_ObjWeightShifts": 60, "SD_ObjWeightUnderCover": 1, "SD_ObjWeightOverCover": 1, "MinShift": 2, "MaxShift": 5, "MinShiftType": [4, 4, 4, 3], "MaxShiftType": [4, 5, 4, 4], "MinOff": 1, "MaxOff": 2, "ForwardRotation": true}