{"MinuteInterval": 60, "Number of shift templates": 4, "Shift templates": [{"abbr": "F", "full_name": "Fr\u00fchschicht", "start_time": "6:0", "plus_minutes_start": 120, "minus_minutes_start": 60, "length": 480, "plus_minutes_end": 60, "minus_minutes_end": 60, "available_days": "*"}, {"abbr": "T", "full_name": "Tagschicht", "start_time": "10:0", "plus_minutes_start": 60, "minus_minutes_start": 60, "length": 480, "plus_minutes_end": 60, "minus_minutes_end": 60, "available_days": "*"}, {"abbr": "S", "full_name": "Sp\u00e4tschicht", "start_time": "14:0", "plus_minutes_start": 60, "minus_minutes_start": 60, "length": 480, "plus_minutes_end": 60, "minus_minutes_end": 60, "available_days": "*"}, {"abbr": "N", "full_name": "Nachtschicht", "start_time": "22:0", "plus_minutes_start": 60, "minus_minutes_start": 60, "length": 480, "plus_minutes_end": 60, "minus_minutes_end": 60, "available_days": "*"}], "Requirements": [11, 11, 11, 11, 8, 8, 4, 0, 0, 3, 7, 7, 7, 12, 12, 16, 16, 12, 9, 9, 9, 12, 9, 9, 9, 9, 9, 9, 7, 7, 5, 0, 0, 3, 9, 9, 9, 17, 17, 21, 21, 15, 12, 12, 12, 13, 10, 10, 10, 10, 10, 10, 7, 7, 5, 0, 0, 3, 4, 4, 4, 12, 12, 16, 16, 12, 12, 12, 12, 13, 10, 10, 10, 10, 10, 10, 7, 7, 5, 0, 0, 3, 7, 7, 7, 15, 15, 19, 19, 15, 12, 12, 12, 13, 10, 10, 10, 10, 10, 10, 7, 7, 5, 0, 0, 3, 6, 6, 6, 11, 11, 15, 15, 11, 9, 9, 9, 10, 10, 10, 10, 10, 10, 10, 7, 7, 5, 0, 0, 3, 10, 10, 10, 18, 18, 22, 22, 16, 12, 12, 12, 15, 13, 13, 13, 13, 13, 13, 10, 10, 4, 0, 0, 3, 10, 10, 10, 18, 18, 22, 22, 16, 12, 12, 12, 13, 11, 11], "DaysPerCycle": 7, "SD_ObjWeightShifts": 60, "SD_ObjWeightUnderCover": 1, "SD_ObjWeightOverCover": 1, "MinShift": 4, "MaxShift": 5, "MinShiftType": [3, 3, 2, 3], "MaxShiftType": [5, 5, 4, 5], "MinOff": 1, "MaxOff": 3, "ForwardRotation": true}