{"MinuteInterval": 60, "Number of shift templates": 4, "Shift templates": [{"abbr": "M", "full_name": "MorningShift", "start_time": "6:0", "plus_minutes_start": 120, "minus_minutes_start": 60, "length": 480, "plus_minutes_end": 60, "minus_minutes_end": 60, "available_days": "*"}, {"abbr": "D", "full_name": "Dayshift", "start_time": "10:0", "plus_minutes_start": 60, "minus_minutes_start": 60, "length": 480, "plus_minutes_end": 60, "minus_minutes_end": 60, "available_days": "*"}, {"abbr": "E", "full_name": "Eveningshift", "start_time": "14:0", "plus_minutes_start": 60, "minus_minutes_start": 60, "length": 480, "plus_minutes_end": 60, "minus_minutes_end": 60, "available_days": "*"}, {"abbr": "N", "full_name": "Nightshift", "start_time": "22:0", "plus_minutes_start": 60, "minus_minutes_start": 60, "length": 480, "plus_minutes_end": 60, "minus_minutes_end": 60, "available_days": "*"}], "Requirements": [20, 21, 17, 13, 14, 21, 19, 14, 14, 21, 18, 15, 17, 12, 17, 19, 19, 17, 19, 15, 15, 18, 18, 18, 19, 20, 16, 11, 12, 20, 18, 15, 15, 22, 19, 16, 18, 17, 22, 24, 24, 22, 19, 15, 15, 18, 18, 18, 19, 21, 17, 12, 13, 20, 18, 15, 15, 22, 19, 16, 19, 14, 18, 20, 20, 19, 19, 15, 15, 18, 18, 18, 19, 20, 16, 11, 12, 22, 19, 16, 16, 23, 20, 18, 23, 18, 23, 25, 29, 27, 23, 19, 19, 22, 22, 22, 23, 24, 20, 15, 12, 20, 18, 15, 15, 22, 19, 16, 18, 13, 18, 20, 20, 18, 19, 15, 15, 18, 18, 18, 16, 18, 14, 12, 13, 15, 15, 12, 12, 12, 9, 7, 10, 10, 17, 21, 22, 18, 18, 21, 21, 24, 24, 24, 24, 25, 21, 19, 15, 23, 21, 16, 16, 16, 13, 11, 14, 11, 17, 21, 18, 15, 10, 13, 13, 16, 16, 16], "DaysPerCycle": 7, "SD_ObjWeightShifts": 60, "SD_ObjWeightUnderCover": 1, "SD_ObjWeightOverCover": 1, "MinShift": 2, "MaxShift": 5, "MinShiftType": [4, 3, 1, 1], "MaxShiftType": [5, 5, 4, 4], "MinOff": 2, "MaxOff": 3, "ForwardRotation": true}