{"MinuteInterval": 60, "Number of shift templates": 4, "Shift templates": [{"abbr": "M", "full_name": "MorningShift", "start_time": "6:0", "plus_minutes_start": 120, "minus_minutes_start": 60, "length": 480, "plus_minutes_end": 60, "minus_minutes_end": 60, "available_days": "*"}, {"abbr": "D", "full_name": "Dayshift", "start_time": "10:0", "plus_minutes_start": 60, "minus_minutes_start": 60, "length": 480, "plus_minutes_end": 60, "minus_minutes_end": 60, "available_days": "*"}, {"abbr": "E", "full_name": "Eveningshift", "start_time": "14:0", "plus_minutes_start": 60, "minus_minutes_start": 60, "length": 480, "plus_minutes_end": 60, "minus_minutes_end": 60, "available_days": "*"}, {"abbr": "N", "full_name": "Nightshift", "start_time": "22:0", "plus_minutes_start": 60, "minus_minutes_start": 60, "length": 480, "plus_minutes_end": 60, "minus_minutes_end": 60, "available_days": "*"}], "Requirements": [14, 14, 14, 14, 9, 7, 13, 6, 9, 16, 17, 22, 22, 25, 29, 29, 27, 25, 20, 14, 12, 10, 15, 15, 15, 15, 15, 15, 10, 4, 10, 6, 9, 19, 20, 25, 25, 28, 33, 33, 31, 26, 21, 15, 13, 10, 15, 20, 20, 20, 20, 20, 15, 9, 15, 6, 9, 16, 23, 28, 28, 33, 38, 38, 36, 34, 26, 17, 13, 10, 15, 18, 18, 18, 18, 18, 13, 7, 13, 6, 11, 18, 19, 24, 24, 27, 32, 30, 28, 26, 21, 15, 13, 10, 15, 18, 18, 18, 18, 18, 13, 7, 13, 7, 10, 17, 18, 23, 23, 26, 30, 30, 28, 26, 21, 15, 13, 10, 15, 18, 18, 18, 18, 18, 13, 7, 15, 12, 17, 24, 25, 27, 27, 29, 29, 25, 23, 21, 16, 13, 11, 11, 12, 14, 14, 14, 14, 14, 9, 7, 14, 11, 16, 23, 24, 26, 26, 28, 28, 26, 22, 20, 15, 12, 11, 11, 12, 14], "DaysPerCycle": 7, "SD_ObjWeightShifts": 60, "SD_ObjWeightUnderCover": 1, "SD_ObjWeightOverCover": 1, "MinShift": 4, "MaxShift": 5, "MinShiftType": [2, 1, 3, 2], "MaxShiftType": [5, 4, 4, 5], "MinOff": 2, "MaxOff": 2, "ForwardRotation": true}