{"MinuteInterval": 60, "Number of shift templates": 4, "Shift templates": [{"abbr": "F", "full_name": "Fr\u00fchschicht", "start_time": "6:0", "plus_minutes_start": 120, "minus_minutes_start": 60, "length": 480, "plus_minutes_end": 60, "minus_minutes_end": 60, "available_days": "*"}, {"abbr": "T", "full_name": "Tagschicht", "start_time": "10:0", "plus_minutes_start": 60, "minus_minutes_start": 60, "length": 480, "plus_minutes_end": 60, "minus_minutes_end": 60, "available_days": "*"}, {"abbr": "S", "full_name": "Sp\u00e4tschicht", "start_time": "14:0", "plus_minutes_start": 60, "minus_minutes_start": 60, "length": 480, "plus_minutes_end": 60, "minus_minutes_end": 60, "available_days": "*"}, {"abbr": "N", "full_name": "Nachtschicht", "start_time": "22:0", "plus_minutes_start": 60, "minus_minutes_start": 60, "length": 480, "plus_minutes_end": 60, "minus_minutes_end": 60, "available_days": "*"}], "Requirements": [4, 4, 4, 4, 4, 4, 2, 2, 10, 15, 18, 28, 26, 34, 34, 34, 27, 21, 13, 13, 4, 1, 3, 3, 3, 3, 3, 3, 3, 3, 2, 2, 10, 15, 18, 28, 26, 31, 31, 31, 24, 18, 10, 10, 2, 1, 3, 3, 3, 3, 3, 3, 3, 3, 2, 2, 10, 15, 18, 28, 26, 33, 33, 33, 26, 20, 12, 12, 4, 1, 3, 3, 3, 3, 3, 3, 3, 3, 2, 2, 10, 15, 18, 28, 26, 34, 34, 34, 27, 21, 13, 13, 4, 1, 3, 3, 3, 3, 3, 3, 3, 3, 2, 2, 10, 17, 20, 30, 28, 34, 34, 34, 26, 19, 11, 11, 3, 1, 3, 3, 3, 3, 3, 3, 3, 2, 1, 1, 7, 12, 15, 19, 18, 25, 25, 25, 20, 14, 9, 9, 4, 2, 4, 4, 4, 4, 4, 4, 4, 7, 5, 5, 11, 16, 16, 20, 15, 22, 22, 22, 17, 11, 9, 9, 4, 2, 4, 4], "DaysPerCycle": 7, "SD_ObjWeightShifts": 60, "SD_ObjWeightUnderCover": 1, "SD_ObjWeightOverCover": 1, "MinShift": 4, "MaxShift": 7, "MinShiftType": [1, 1, 1, 4], "MaxShiftType": [7, 5, 6, 5], "MinOff": 2, "MaxOff": 4, "ForwardRotation": true}