{"MinuteInterval": 60, "Number of shift templates": 4, "Shift templates": [{"abbr": "F", "full_name": "Fr\u00fchschicht", "start_time": "6:0", "plus_minutes_start": 120, "minus_minutes_start": 60, "length": 480, "plus_minutes_end": 60, "minus_minutes_end": 60, "available_days": "*"}, {"abbr": "T", "full_name": "Tagschicht", "start_time": "10:0", "plus_minutes_start": 60, "minus_minutes_start": 60, "length": 480, "plus_minutes_end": 60, "minus_minutes_end": 60, "available_days": "*"}, {"abbr": "S", "full_name": "Sp\u00e4tschicht", "start_time": "14:0", "plus_minutes_start": 60, "minus_minutes_start": 60, "length": 480, "plus_minutes_end": 60, "minus_minutes_end": 60, "available_days": "*"}, {"abbr": "N", "full_name": "Nachtschicht", "start_time": "22:0", "plus_minutes_start": 60, "minus_minutes_start": 60, "length": 480, "plus_minutes_end": 60, "minus_minutes_end": 60, "available_days": "*"}], "Requirements": [7, 7, 7, 7, 7, 7, 0, 2, 4, 4, 9, 14, 14, 16, 19, 21, 21, 18, 18, 11, 11, 9, 12, 12, 8, 8, 8, 8, 8, 8, 0, 2, 4, 4, 9, 14, 14, 20, 23, 23, 23, 20, 20, 13, 13, 11, 10, 10, 8, 8, 8, 8, 8, 8, 0, 2, 4, 4, 9, 14, 14, 20, 23, 23, 23, 20, 20, 13, 13, 11, 10, 10, 8, 8, 8, 8, 8, 8, 0, 2, 4, 4, 9, 14, 14, 20, 23, 23, 23, 20, 20, 13, 13, 11, 10, 10, 8, 8, 8, 8, 8, 8, 0, 2, 4, 4, 9, 14, 14, 20, 23, 23, 23, 20, 20, 13, 13, 11, 10, 10, 8, 8, 8, 8, 8, 8, 0, 3, 3, 4, 6, 11, 11, 13, 15, 18, 17, 17, 17, 11, 10, 5, 10, 10, 7, 7, 7, 7, 7, 7, 0, 1, 1, 6, 11, 16, 16, 18, 22, 25, 20, 17, 17, 11, 10, 5, 10, 10], "DaysPerCycle": 7, "SD_ObjWeightShifts": 60, "SD_ObjWeightUnderCover": 1, "SD_ObjWeightOverCover": 1, "MinShift": 2, "MaxShift": 6, "MinShiftType": [2, 1, 1, 1], "MaxShiftType": [5, 5, 5, 4], "MinOff": 2, "MaxOff": 4, "ForwardRotation": true}