{"MinuteInterval": 60, "Number of shift templates": 4, "Shift templates": [{"abbr": "F", "full_name": "Fr\u00fchschicht", "start_time": "6:0", "plus_minutes_start": 120, "minus_minutes_start": 60, "length": 480, "plus_minutes_end": 60, "minus_minutes_end": 60, "available_days": "*"}, {"abbr": "T", "full_name": "Tagschicht", "start_time": "10:0", "plus_minutes_start": 60, "minus_minutes_start": 60, "length": 480, "plus_minutes_end": 60, "minus_minutes_end": 60, "available_days": "*"}, {"abbr": "S", "full_name": "Sp\u00e4tschicht", "start_time": "14:0", "plus_minutes_start": 60, "minus_minutes_start": 60, "length": 480, "plus_minutes_end": 60, "minus_minutes_end": 60, "available_days": "*"}, {"abbr": "N", "full_name": "Nachtschicht", "start_time": "22:0", "plus_minutes_start": 60, "minus_minutes_start": 60, "length": 480, "plus_minutes_end": 60, "minus_minutes_end": 60, "available_days": "*"}], "Requirements": [0, 0, 0, 0, 0, 1, 1, 4, 5, 5, 7, 7, 7, 6, 12, 12, 8, 6, 6, 6, 6, 6, 2, 0, 0, 0, 0, 0, 0, 1, 1, 4, 5, 5, 7, 7, 7, 6, 12, 12, 8, 6, 6, 6, 6, 6, 2, 0, 0, 0, 0, 0, 0, 1, 1, 4, 8, 8, 13, 13, 13, 12, 16, 13, 9, 4, 4, 4, 4, 4, 2, 0, 0, 0, 0, 0, 0, 1, 1, 4, 8, 8, 10, 10, 10, 9, 13, 10, 6, 4, 4, 4, 4, 4, 2, 0, 0, 0, 0, 0, 0, 1, 1, 4, 5, 5, 7, 7, 7, 6, 12, 12, 8, 6, 6, 6, 6, 6, 2, 0, 0, 0, 0, 0, 0, 1, 1, 4, 4, 4, 6, 6, 6, 5, 10, 10, 7, 5, 5, 5, 5, 5, 3, 0, 0, 0, 0, 0, 0, 1, 1, 4, 4, 4, 6, 6, 6, 5, 11, 11, 8, 6, 6, 6, 6, 6, 4, 0], "DaysPerCycle": 7, "SD_ObjWeightShifts": 60, "SD_ObjWeightUnderCover": 1, "SD_ObjWeightOverCover": 1, "MinShift": 4, "MaxShift": 6, "MinShiftType": [3, 2, 1, 1], "MaxShiftType": [5, 6, 6, 6], "MinOff": 2, "MaxOff": 2, "ForwardRotation": true}