{"MinuteInterval": 60, "Number of shift templates": 4, "Shift templates": [{"abbr": "F", "full_name": "Fr\u00fchschicht", "start_time": "6:0", "plus_minutes_start": 120, "minus_minutes_start": 60, "length": 480, "plus_minutes_end": 60, "minus_minutes_end": 60, "available_days": "*"}, {"abbr": "T", "full_name": "Tagschicht", "start_time": "10:0", "plus_minutes_start": 60, "minus_minutes_start": 60, "length": 480, "plus_minutes_end": 60, "minus_minutes_end": 60, "available_days": "*"}, {"abbr": "S", "full_name": "Sp\u00e4tschicht", "start_time": "14:0", "plus_minutes_start": 60, "minus_minutes_start": 60, "length": 480, "plus_minutes_end": 60, "minus_minutes_end": 60, "available_days": "*"}, {"abbr": "N", "full_name": "Nachtschicht", "start_time": "22:0", "plus_minutes_start": 60, "minus_minutes_start": 60, "length": 480, "plus_minutes_end": 60, "minus_minutes_end": 60, "available_days": "*"}], "Requirements": [11, 11, 11, 11, 11, 12, 11, 6, 6, 11, 14, 14, 14, 10, 8, 8, 8, 8, 3, 0, 0, 1, 6, 6, 6, 6, 6, 6, 6, 7, 11, 6, 6, 11, 14, 14, 14, 10, 8, 8, 8, 8, 3, 0, 0, 6, 11, 11, 11, 11, 11, 11, 6, 7, 11, 6, 6, 11, 14, 14, 14, 10, 8, 8, 8, 8, 3, 0, 0, 1, 6, 6, 6, 6, 6, 6, 6, 7, 11, 6, 6, 11, 14, 14, 14, 10, 8, 8, 8, 8, 3, 0, 0, 4, 9, 9, 9, 9, 9, 9, 6, 7, 11, 6, 6, 11, 13, 13, 13, 9, 7, 7, 7, 7, 2, 0, 0, 0, 5, 5, 5, 5, 5, 5, 5, 6, 7, 2, 2, 4, 7, 7, 7, 6, 5, 5, 5, 5, 3, 0, 0, 1, 6, 11, 11, 11, 11, 11, 11, 12, 8, 3, 3, 5, 8, 8, 8, 7, 5, 5, 5, 5, 3, 0, 0, 1, 6, 11], "DaysPerCycle": 7, "SD_ObjWeightShifts": 60, "SD_ObjWeightUnderCover": 1, "SD_ObjWeightOverCover": 1, "MinShift": 4, "MaxShift": 6, "MinShiftType": [1, 3, 3, 1], "MaxShiftType": [6, 6, 4, 6], "MinOff": 1, "MaxOff": 4, "ForwardRotation": true}