{"MinuteInterval": 60, "Number of shift templates": 4, "Shift templates": [{"abbr": "M", "full_name": "MorningShift", "start_time": "6:0", "plus_minutes_start": 120, "minus_minutes_start": 60, "length": 480, "plus_minutes_end": 60, "minus_minutes_end": 60, "available_days": "*"}, {"abbr": "D", "full_name": "Dayshift", "start_time": "10:0", "plus_minutes_start": 60, "minus_minutes_start": 60, "length": 480, "plus_minutes_end": 60, "minus_minutes_end": 60, "available_days": "*"}, {"abbr": "E", "full_name": "Eveningshift", "start_time": "14:0", "plus_minutes_start": 60, "minus_minutes_start": 60, "length": 480, "plus_minutes_end": 60, "minus_minutes_end": 60, "available_days": "*"}, {"abbr": "N", "full_name": "Nightshift", "start_time": "22:0", "plus_minutes_start": 60, "minus_minutes_start": 60, "length": 480, "plus_minutes_end": 60, "minus_minutes_end": 60, "available_days": "*"}], "Requirements": [7, 7, 7, 7, 7, 4, 4, 9, 9, 18, 18, 21, 21, 23, 20, 22, 17, 17, 13, 10, 10, 15, 15, 15, 10, 10, 10, 10, 10, 9, 4, 9, 9, 14, 14, 17, 17, 19, 16, 18, 13, 13, 13, 10, 10, 15, 15, 15, 10, 10, 10, 10, 10, 9, 4, 9, 9, 14, 14, 17, 17, 19, 16, 18, 13, 13, 13, 10, 10, 12, 12, 12, 7, 7, 7, 7, 7, 6, 4, 9, 9, 14, 14, 17, 17, 19, 16, 18, 13, 13, 13, 10, 10, 15, 15, 15, 10, 10, 10, 10, 10, 9, 4, 9, 9, 14, 14, 17, 17, 19, 16, 18, 13, 13, 13, 10, 10, 15, 15, 15, 10, 10, 10, 10, 10, 9, 4, 9, 9, 18, 18, 21, 21, 23, 20, 22, 17, 17, 13, 10, 10, 13, 15, 15, 10, 10, 10, 10, 10, 7, 4, 9, 9, 18, 18, 21, 21, 23, 20, 23, 18, 18, 14, 11, 11, 11, 12, 12], "DaysPerCycle": 7, "SD_ObjWeightShifts": 60, "SD_ObjWeightUnderCover": 1, "SD_ObjWeightOverCover": 1, "MinShift": 4, "MaxShift": 7, "MinShiftType": [2, 4, 3, 1], "MaxShiftType": [7, 6, 7, 4], "MinOff": 2, "MaxOff": 3, "ForwardRotation": true}