{"MinuteInterval": 60, "Number of shift templates": 4, "Shift templates": [{"abbr": "M", "full_name": "MorningShift", "start_time": "6:0", "plus_minutes_start": 120, "minus_minutes_start": 60, "length": 480, "plus_minutes_end": 60, "minus_minutes_end": 60, "available_days": "*"}, {"abbr": "D", "full_name": "Dayshift", "start_time": "10:0", "plus_minutes_start": 60, "minus_minutes_start": 60, "length": 480, "plus_minutes_end": 60, "minus_minutes_end": 60, "available_days": "*"}, {"abbr": "E", "full_name": "Eveningshift", "start_time": "14:0", "plus_minutes_start": 60, "minus_minutes_start": 60, "length": 480, "plus_minutes_end": 60, "minus_minutes_end": 60, "available_days": "*"}, {"abbr": "N", "full_name": "Nightshift", "start_time": "22:0", "plus_minutes_start": 60, "minus_minutes_start": 60, "length": 480, "plus_minutes_end": 60, "minus_minutes_end": 60, "available_days": "*"}], "Requirements": [15, 15, 15, 15, 15, 15, 6, 5, 10, 13, 20, 23, 23, 31, 28, 29, 26, 17, 11, 11, 11, 5, 4, 10, 9, 9, 9, 9, 9, 9, 6, 5, 10, 13, 22, 22, 22, 30, 27, 28, 25, 16, 11, 11, 11, 5, 4, 10, 9, 9, 9, 9, 9, 9, 6, 5, 10, 13, 17, 17, 17, 25, 22, 23, 20, 14, 11, 11, 11, 5, 4, 10, 9, 9, 9, 9, 9, 9, 6, 3, 5, 8, 15, 15, 15, 22, 21, 21, 18, 12, 9, 9, 9, 3, 3, 9, 9, 9, 9, 9, 9, 9, 10, 9, 14, 17, 24, 24, 24, 32, 25, 26, 23, 14, 11, 11, 11, 5, 4, 10, 9, 9, 9, 9, 9, 9, 11, 8, 10, 13, 15, 15, 15, 20, 21, 20, 17, 13, 13, 13, 13, 5, 12, 20, 16, 16, 16, 16, 16, 16, 12, 8, 10, 13, 17, 17, 17, 22, 23, 22, 19, 13, 13, 13, 13, 5, 12, 19], "DaysPerCycle": 7, "SD_ObjWeightShifts": 60, "SD_ObjWeightUnderCover": 1, "SD_ObjWeightOverCover": 1, "MinShift": 3, "MaxShift": 6, "MinShiftType": [3, 4, 1, 3], "MaxShiftType": [6, 6, 6, 4], "MinOff": 1, "MaxOff": 4, "ForwardRotation": true}