{"MinuteInterval": 60, "Number of shift templates": 4, "Shift templates": [{"abbr": "F", "full_name": "Fr\u00fchschicht", "start_time": "6:0", "plus_minutes_start": 120, "minus_minutes_start": 60, "length": 480, "plus_minutes_end": 60, "minus_minutes_end": 60, "available_days": "*"}, {"abbr": "T", "full_name": "Tagschicht", "start_time": "10:0", "plus_minutes_start": 60, "minus_minutes_start": 60, "length": 480, "plus_minutes_end": 60, "minus_minutes_end": 60, "available_days": "*"}, {"abbr": "S", "full_name": "Sp\u00e4tschicht", "start_time": "14:0", "plus_minutes_start": 60, "minus_minutes_start": 60, "length": 480, "plus_minutes_end": 60, "minus_minutes_end": 60, "available_days": "*"}, {"abbr": "N", "full_name": "Nachtschicht", "start_time": "22:0", "plus_minutes_start": 60, "minus_minutes_start": 60, "length": 480, "plus_minutes_end": 60, "minus_minutes_end": 60, "available_days": "*"}], "Requirements": [0, 0, 0, 0, 0, 4, 4, 4, 4, 9, 13, 13, 13, 9, 13, 14, 14, 5, 5, 5, 5, 2, 3, 4, 4, 4, 4, 4, 4, 8, 7, 4, 4, 9, 13, 13, 13, 9, 13, 14, 14, 5, 5, 5, 5, 2, 4, 5, 5, 5, 5, 5, 5, 9, 7, 4, 4, 9, 13, 13, 13, 9, 13, 14, 14, 5, 5, 5, 5, 2, 3, 4, 4, 4, 4, 4, 4, 8, 7, 4, 4, 6, 10, 10, 10, 6, 10, 11, 11, 5, 5, 5, 5, 2, 3, 4, 4, 4, 4, 4, 4, 8, 7, 4, 4, 9, 14, 14, 14, 10, 14, 15, 15, 5, 5, 5, 5, 2, 3, 4, 4, 4, 4, 4, 4, 8, 7, 4, 4, 5, 7, 7, 7, 3, 8, 12, 12, 9, 9, 9, 9, 6, 6, 0, 0, 0, 0, 0, 0, 4, 4, 4, 4, 5, 7, 7, 7, 3, 8, 12, 12, 9, 9, 9, 9, 6, 6, 0], "DaysPerCycle": 7, "SD_ObjWeightShifts": 60, "SD_ObjWeightUnderCover": 1, "SD_ObjWeightOverCover": 1, "MinShift": 3, "MaxShift": 6, "MinShiftType": [4, 1, 2, 4], "MaxShiftType": [5, 5, 6, 4], "MinOff": 2, "MaxOff": 2, "ForwardRotation": true}