{"MinuteInterval": 60, "Number of shift templates": 4, "Shift templates": [{"abbr": "M", "full_name": "MorningShift", "start_time": "6:0", "plus_minutes_start": 120, "minus_minutes_start": 60, "length": 480, "plus_minutes_end": 60, "minus_minutes_end": 60, "available_days": "*"}, {"abbr": "D", "full_name": "Dayshift", "start_time": "10:0", "plus_minutes_start": 60, "minus_minutes_start": 60, "length": 480, "plus_minutes_end": 60, "minus_minutes_end": 60, "available_days": "*"}, {"abbr": "E", "full_name": "Eveningshift", "start_time": "14:0", "plus_minutes_start": 60, "minus_minutes_start": 60, "length": 480, "plus_minutes_end": 60, "minus_minutes_end": 60, "available_days": "*"}, {"abbr": "N", "full_name": "Nightshift", "start_time": "22:0", "plus_minutes_start": 60, "minus_minutes_start": 60, "length": 480, "plus_minutes_end": 60, "minus_minutes_end": 60, "available_days": "*"}], "Requirements": [10, 10, 10, 10, 9, 11, 11, 6, 6, 10, 15, 17, 15, 20, 24, 27, 24, 19, 14, 14, 9, 13, 9, 12, 12, 12, 12, 12, 11, 13, 15, 10, 10, 14, 19, 21, 19, 24, 28, 27, 24, 19, 14, 14, 9, 13, 10, 13, 13, 13, 13, 13, 12, 14, 16, 10, 10, 14, 19, 21, 19, 24, 28, 27, 24, 19, 14, 14, 9, 13, 10, 13, 13, 13, 13, 13, 12, 14, 16, 10, 10, 14, 19, 24, 22, 27, 31, 30, 27, 22, 14, 14, 9, 13, 10, 10, 10, 10, 10, 10, 9, 11, 13, 10, 10, 14, 19, 21, 19, 24, 28, 27, 24, 19, 14, 14, 9, 13, 10, 13, 13, 13, 13, 13, 12, 14, 11, 11, 11, 16, 19, 22, 20, 22, 22, 28, 21, 18, 12, 12, 10, 12, 7, 10, 10, 10, 10, 10, 9, 11, 10, 11, 11, 15, 18, 21, 19, 21, 21, 27, 21, 18, 12, 12, 10, 12, 7, 10], "DaysPerCycle": 7, "SD_ObjWeightShifts": 60, "SD_ObjWeightUnderCover": 1, "SD_ObjWeightOverCover": 1, "MinShift": 3, "MaxShift": 5, "MinShiftType": [1, 3, 1, 2], "MaxShiftType": [4, 4, 4, 5], "MinOff": 1, "MaxOff": 3, "ForwardRotation": true}