{"MinuteInterval": 60, "Number of shift templates": 4, "Shift templates": [{"abbr": "F", "full_name": "Fr\u00fchschicht", "start_time": "6:0", "plus_minutes_start": 120, "minus_minutes_start": 60, "length": 480, "plus_minutes_end": 60, "minus_minutes_end": 60, "available_days": "*"}, {"abbr": "T", "full_name": "Tagschicht", "start_time": "10:0", "plus_minutes_start": 60, "minus_minutes_start": 60, "length": 480, "plus_minutes_end": 60, "minus_minutes_end": 60, "available_days": "*"}, {"abbr": "S", "full_name": "Sp\u00e4tschicht", "start_time": "14:0", "plus_minutes_start": 60, "minus_minutes_start": 60, "length": 480, "plus_minutes_end": 60, "minus_minutes_end": 60, "available_days": "*"}, {"abbr": "N", "full_name": "Nachtschicht", "start_time": "22:0", "plus_minutes_start": 60, "minus_minutes_start": 60, "length": 480, "plus_minutes_end": 60, "minus_minutes_end": 60, "available_days": "*"}], "Requirements": [13, 13, 13, 13, 13, 8, 8, 3, 3, 5, 7, 13, 13, 10, 13, 15, 15, 13, 10, 8, 5, 5, 12, 12, 12, 12, 12, 12, 12, 9, 9, 4, 4, 6, 8, 14, 14, 10, 13, 15, 15, 13, 10, 8, 5, 2, 9, 9, 9, 9, 9, 9, 9, 10, 10, 5, 5, 7, 9, 15, 15, 10, 13, 15, 15, 13, 10, 8, 5, 2, 10, 10, 10, 10, 10, 10, 10, 9, 9, 4, 4, 6, 8, 14, 14, 10, 13, 15, 15, 13, 10, 8, 5, 2, 9, 9, 9, 9, 9, 9, 9, 9, 9, 4, 4, 6, 10, 16, 16, 12, 15, 17, 17, 15, 12, 8, 5, 2, 9, 9, 9, 9, 9, 9, 9, 9, 9, 4, 4, 8, 11, 20, 20, 16, 19, 23, 23, 19, 14, 11, 7, 9, 14, 14, 14, 14, 14, 14, 14, 8, 8, 4, 4, 8, 13, 14, 14, 10, 13, 17, 17, 13, 12, 7, 7, 7, 13, 13], "DaysPerCycle": 7, "SD_ObjWeightShifts": 60, "SD_ObjWeightUnderCover": 1, "SD_ObjWeightOverCover": 1, "MinShift": 3, "MaxShift": 7, "MinShiftType": [1, 4, 2, 1], "MaxShiftType": [4, 5, 6, 5], "MinOff": 2, "MaxOff": 4, "ForwardRotation": true}