{"MinuteInterval": 60, "Number of shift templates": 4, "Shift templates": [{"abbr": "F", "full_name": "Fr\u00fchschicht", "start_time": "6:0", "plus_minutes_start": 120, "minus_minutes_start": 60, "length": 480, "plus_minutes_end": 60, "minus_minutes_end": 60, "available_days": "*"}, {"abbr": "T", "full_name": "Tagschicht", "start_time": "10:0", "plus_minutes_start": 60, "minus_minutes_start": 60, "length": 480, "plus_minutes_end": 60, "minus_minutes_end": 60, "available_days": "*"}, {"abbr": "S", "full_name": "Sp\u00e4tschicht", "start_time": "14:0", "plus_minutes_start": 60, "minus_minutes_start": 60, "length": 480, "plus_minutes_end": 60, "minus_minutes_end": 60, "available_days": "*"}, {"abbr": "N", "full_name": "Nachtschicht", "start_time": "22:0", "plus_minutes_start": 60, "minus_minutes_start": 60, "length": 480, "plus_minutes_end": 60, "minus_minutes_end": 60, "available_days": "*"}], "Requirements": [6, 6, 6, 6, 6, 0, 3, 3, 8, 8, 8, 8, 8, 11, 11, 6, 6, 6, 6, 6, 6, 7, 8, 8, 8, 8, 8, 8, 8, 0, 3, 3, 8, 8, 8, 8, 8, 11, 11, 5, 5, 5, 5, 5, 5, 6, 6, 6, 6, 6, 6, 6, 6, 0, 3, 3, 8, 8, 8, 8, 8, 11, 11, 6, 6, 6, 6, 6, 6, 7, 6, 6, 6, 6, 6, 6, 6, 0, 4, 4, 9, 9, 9, 9, 9, 12, 12, 6, 6, 6, 6, 6, 6, 7, 9, 9, 9, 9, 9, 9, 9, 0, 3, 3, 8, 8, 8, 8, 8, 11, 11, 6, 6, 6, 6, 6, 6, 7, 6, 6, 6, 6, 6, 6, 6, 0, 3, 3, 8, 8, 8, 8, 8, 12, 12, 7, 7, 7, 7, 7, 7, 7, 6, 6, 6, 6, 6, 6, 6, 0, 3, 3, 8, 8, 8, 8, 8, 10, 10, 5, 5, 5, 5, 5, 5, 7, 6, 6], "DaysPerCycle": 7, "SD_ObjWeightShifts": 60, "SD_ObjWeightUnderCover": 1, "SD_ObjWeightOverCover": 1, "MinShift": 3, "MaxShift": 7, "MinShiftType": [3, 2, 4, 3], "MaxShiftType": [4, 4, 5, 6], "MinOff": 1, "MaxOff": 4, "ForwardRotation": true}