{"MinuteInterval": 60, "Number of shift templates": 4, "Shift templates": [{"abbr": "F", "full_name": "Fr\u00fchschicht", "start_time": "6:0", "plus_minutes_start": 120, "minus_minutes_start": 60, "length": 480, "plus_minutes_end": 60, "minus_minutes_end": 60, "available_days": "*"}, {"abbr": "T", "full_name": "Tagschicht", "start_time": "10:0", "plus_minutes_start": 60, "minus_minutes_start": 60, "length": 480, "plus_minutes_end": 60, "minus_minutes_end": 60, "available_days": "*"}, {"abbr": "S", "full_name": "Sp\u00e4tschicht", "start_time": "14:0", "plus_minutes_start": 60, "minus_minutes_start": 60, "length": 480, "plus_minutes_end": 60, "minus_minutes_end": 60, "available_days": "*"}, {"abbr": "N", "full_name": "Nachtschicht", "start_time": "22:0", "plus_minutes_start": 60, "minus_minutes_start": 60, "length": 480, "plus_minutes_end": 60, "minus_minutes_end": 60, "available_days": "*"}], "Requirements": [0, 0, 0, 0, 0, 0, 0, 2, 5, 9, 9, 9, 9, 9, 15, 12, 10, 6, 6, 6, 6, 3, 1, 0, 0, 0, 0, 0, 0, 0, 0, 2, 5, 9, 9, 9, 9, 9, 15, 12, 10, 6, 6, 6, 6, 3, 1, 0, 0, 0, 0, 0, 0, 0, 0, 2, 5, 9, 9, 9, 9, 9, 15, 12, 10, 6, 6, 6, 6, 3, 1, 0, 0, 0, 0, 0, 0, 0, 0, 2, 5, 9, 9, 9, 9, 9, 15, 12, 10, 6, 6, 6, 6, 3, 1, 0, 0, 0, 0, 0, 0, 0, 0, 2, 5, 9, 9, 9, 9, 9, 16, 13, 11, 7, 7, 7, 7, 4, 2, 0, 0, 0, 0, 0, 0, 1, 1, 4, 7, 9, 9, 11, 11, 11, 15, 12, 9, 7, 7, 5, 5, 2, 2, 0, 0, 0, 0, 0, 0, 1, 1, 4, 7, 9, 9, 11, 11, 11, 15, 12, 9, 7, 7, 5, 5, 4, 2, 0], "DaysPerCycle": 7, "SD_ObjWeightShifts": 60, "SD_ObjWeightUnderCover": 1, "SD_ObjWeightOverCover": 1, "MinShift": 4, "MaxShift": 7, "MinShiftType": [1, 2, 4, 1], "MaxShiftType": [5, 5, 5, 7], "MinOff": 2, "MaxOff": 3, "ForwardRotation": true}