{"MinuteInterval": 60, "Number of shift templates": 4, "Shift templates": [{"abbr": "F", "full_name": "Fr\u00fchschicht", "start_time": "6:0", "plus_minutes_start": 120, "minus_minutes_start": 60, "length": 480, "plus_minutes_end": 60, "minus_minutes_end": 60, "available_days": "*"}, {"abbr": "T", "full_name": "Tagschicht", "start_time": "10:0", "plus_minutes_start": 60, "minus_minutes_start": 60, "length": 480, "plus_minutes_end": 60, "minus_minutes_end": 60, "available_days": "*"}, {"abbr": "S", "full_name": "Sp\u00e4tschicht", "start_time": "14:0", "plus_minutes_start": 60, "minus_minutes_start": 60, "length": 480, "plus_minutes_end": 60, "minus_minutes_end": 60, "available_days": "*"}, {"abbr": "N", "full_name": "Nachtschicht", "start_time": "22:0", "plus_minutes_start": 60, "minus_minutes_start": 60, "length": 480, "plus_minutes_end": 60, "minus_minutes_end": 60, "available_days": "*"}], "Requirements": [4, 4, 4, 4, 2, 4, 4, 2, 3, 6, 16, 16, 14, 16, 20, 23, 21, 17, 13, 9, 7, 10, 6, 3, 3, 3, 3, 3, 0, 2, 2, 2, 3, 6, 16, 16, 14, 16, 20, 23, 21, 17, 13, 9, 7, 10, 6, 3, 3, 3, 3, 3, 0, 1, 1, 1, 2, 5, 15, 15, 14, 16, 20, 23, 21, 17, 13, 9, 7, 8, 4, 1, 1, 1, 1, 1, 0, 2, 2, 2, 3, 6, 16, 16, 14, 16, 20, 23, 21, 17, 13, 9, 7, 10, 6, 3, 3, 3, 3, 3, 0, 2, 2, 2, 3, 6, 16, 16, 14, 16, 20, 23, 21, 17, 13, 9, 7, 10, 6, 3, 3, 3, 3, 3, 0, 0, 0, 0, 1, 7, 13, 13, 13, 15, 15, 23, 18, 14, 10, 10, 8, 10, 12, 9, 4, 4, 4, 4, 2, 4, 4, 2, 3, 9, 18, 18, 16, 18, 19, 26, 21, 18, 14, 10, 8, 10, 11, 8], "DaysPerCycle": 7, "SD_ObjWeightShifts": 60, "SD_ObjWeightUnderCover": 1, "SD_ObjWeightOverCover": 1, "MinShift": 2, "MaxShift": 6, "MinShiftType": [4, 3, 2, 2], "MaxShiftType": [6, 6, 5, 5], "MinOff": 2, "MaxOff": 3, "ForwardRotation": true}