{"MinuteInterval": 60, "Number of shift templates": 4, "Shift templates": [{"abbr": "M", "full_name": "MorningShift", "start_time": "6:0", "plus_minutes_start": 120, "minus_minutes_start": 60, "length": 480, "plus_minutes_end": 60, "minus_minutes_end": 60, "available_days": "*"}, {"abbr": "D", "full_name": "Dayshift", "start_time": "10:0", "plus_minutes_start": 60, "minus_minutes_start": 60, "length": 480, "plus_minutes_end": 60, "minus_minutes_end": 60, "available_days": "*"}, {"abbr": "E", "full_name": "Eveningshift", "start_time": "14:0", "plus_minutes_start": 60, "minus_minutes_start": 60, "length": 480, "plus_minutes_end": 60, "minus_minutes_end": 60, "available_days": "*"}, {"abbr": "N", "full_name": "Nightshift", "start_time": "22:0", "plus_minutes_start": 60, "minus_minutes_start": 60, "length": 480, "plus_minutes_end": 60, "minus_minutes_end": 60, "available_days": "*"}], "Requirements": [8, 8, 8, 8, 8, 10, 6, 6, 5, 9, 15, 19, 19, 25, 23, 23, 20, 16, 11, 6, 5, 5, 7, 10, 10, 10, 10, 10, 10, 11, 9, 9, 8, 8, 13, 17, 17, 23, 18, 18, 15, 15, 11, 6, 5, 5, 6, 9, 9, 9, 9, 9, 9, 8, 6, 6, 5, 9, 15, 17, 17, 21, 19, 19, 16, 12, 9, 4, 3, 3, 8, 11, 11, 11, 11, 11, 11, 10, 12, 10, 9, 13, 19, 23, 23, 29, 27, 27, 24, 20, 15, 10, 9, 5, 6, 9, 9, 9, 9, 9, 9, 8, 6, 6, 5, 9, 15, 19, 19, 25, 23, 23, 20, 16, 11, 6, 5, 5, 6, 9, 9, 9, 9, 9, 9, 8, 6, 6, 6, 8, 17, 21, 21, 26, 24, 29, 25, 23, 15, 10, 9, 9, 8, 6, 6, 6, 6, 6, 6, 8, 6, 6, 3, 5, 14, 18, 18, 24, 22, 27, 26, 24, 16, 11, 10, 10, 10, 8], "DaysPerCycle": 7, "SD_ObjWeightShifts": 60, "SD_ObjWeightUnderCover": 1, "SD_ObjWeightOverCover": 1, "MinShift": 4, "MaxShift": 7, "MinShiftType": [4, 1, 3, 4], "MaxShiftType": [5, 5, 5, 5], "MinOff": 1, "MaxOff": 3, "ForwardRotation": true}