{"MinuteInterval": 60, "Number of shift templates": 4, "Shift templates": [{"abbr": "M", "full_name": "MorningShift", "start_time": "6:0", "plus_minutes_start": 120, "minus_minutes_start": 60, "length": 480, "plus_minutes_end": 60, "minus_minutes_end": 60, "available_days": "*"}, {"abbr": "D", "full_name": "Dayshift", "start_time": "10:0", "plus_minutes_start": 60, "minus_minutes_start": 60, "length": 480, "plus_minutes_end": 60, "minus_minutes_end": 60, "available_days": "*"}, {"abbr": "E", "full_name": "Eveningshift", "start_time": "14:0", "plus_minutes_start": 60, "minus_minutes_start": 60, "length": 480, "plus_minutes_end": 60, "minus_minutes_end": 60, "available_days": "*"}, {"abbr": "N", "full_name": "Nightshift", "start_time": "22:0", "plus_minutes_start": 60, "minus_minutes_start": 60, "length": 480, "plus_minutes_end": 60, "minus_minutes_end": 60, "available_days": "*"}], "Requirements": [22, 22, 23, 27, 22, 25, 22, 16, 4, 5, 8, 18, 18, 21, 23, 18, 20, 15, 18, 9, 12, 12, 12, 10, 14, 14, 15, 19, 18, 21, 18, 17, 9, 10, 13, 23, 23, 26, 31, 26, 28, 23, 25, 11, 12, 12, 12, 10, 11, 11, 12, 16, 14, 17, 15, 17, 9, 10, 13, 23, 23, 26, 31, 26, 28, 23, 28, 15, 18, 18, 18, 16, 17, 17, 18, 22, 21, 22, 17, 16, 7, 10, 13, 23, 23, 26, 30, 25, 27, 22, 26, 12, 15, 15, 15, 13, 14, 14, 15, 19, 18, 21, 18, 17, 9, 10, 13, 23, 23, 26, 31, 26, 28, 23, 24, 15, 18, 18, 18, 16, 17, 17, 21, 26, 24, 26, 25, 25, 11, 10, 14, 20, 20, 25, 28, 24, 26, 25, 29, 20, 23, 23, 23, 21, 20, 20, 24, 29, 23, 25, 22, 22, 11, 10, 14, 20, 20, 25, 32, 28, 30, 29, 29, 20, 23, 23, 23, 21], "DaysPerCycle": 7, "SD_ObjWeightShifts": 60, "SD_ObjWeightUnderCover": 1, "SD_ObjWeightOverCover": 1, "MinShift": 3, "MaxShift": 5, "MinShiftType": [2, 1, 3, 1], "MaxShiftType": [5, 5, 4, 4], "MinOff": 2, "MaxOff": 3, "ForwardRotation": true}