{"MinuteInterval": 60, "Number of shift templates": 4, "Shift templates": [{"abbr": "F", "full_name": "Fr\u00fchschicht", "start_time": "6:0", "plus_minutes_start": 120, "minus_minutes_start": 60, "length": 480, "plus_minutes_end": 60, "minus_minutes_end": 60, "available_days": "*"}, {"abbr": "T", "full_name": "Tagschicht", "start_time": "10:0", "plus_minutes_start": 60, "minus_minutes_start": 60, "length": 480, "plus_minutes_end": 60, "minus_minutes_end": 60, "available_days": "*"}, {"abbr": "S", "full_name": "Sp\u00e4tschicht", "start_time": "14:0", "plus_minutes_start": 60, "minus_minutes_start": 60, "length": 480, "plus_minutes_end": 60, "minus_minutes_end": 60, "available_days": "*"}, {"abbr": "N", "full_name": "Nachtschicht", "start_time": "22:0", "plus_minutes_start": 60, "minus_minutes_start": 60, "length": 480, "plus_minutes_end": 60, "minus_minutes_end": 60, "available_days": "*"}], "Requirements": [11, 11, 11, 11, 11, 9, 9, 5, 3, 4, 4, 4, 4, 8, 10, 11, 7, 7, 7, 7, 4, 4, 6, 6, 6, 6, 6, 6, 6, 4, 4, 0, 4, 5, 5, 5, 5, 9, 11, 12, 7, 7, 7, 7, 4, 6, 8, 8, 8, 8, 8, 8, 8, 4, 4, 0, 4, 7, 7, 7, 7, 11, 13, 14, 7, 7, 7, 7, 4, 5, 7, 7, 7, 7, 7, 7, 7, 4, 4, 0, 4, 5, 5, 5, 5, 9, 11, 12, 7, 7, 7, 7, 4, 4, 6, 6, 6, 6, 6, 6, 6, 4, 4, 0, 5, 6, 6, 6, 6, 10, 12, 13, 7, 7, 7, 7, 4, 6, 8, 8, 8, 8, 8, 8, 8, 4, 4, 0, 4, 8, 8, 8, 8, 12, 16, 17, 9, 9, 9, 9, 6, 3, 5, 10, 10, 10, 10, 10, 10, 9, 9, 5, 4, 7, 7, 7, 7, 11, 13, 14, 7, 7, 7, 7, 4, 4, 6, 11], "DaysPerCycle": 7, "SD_ObjWeightShifts": 60, "SD_ObjWeightUnderCover": 1, "SD_ObjWeightOverCover": 1, "MinShift": 3, "MaxShift": 7, "MinShiftType": [2, 2, 1, 2], "MaxShiftType": [6, 7, 5, 7], "MinOff": 1, "MaxOff": 2, "ForwardRotation": true}