{"MinuteInterval": 60, "Number of shift templates": 4, "Shift templates": [{"abbr": "M", "full_name": "MorningShift", "start_time": "6:0", "plus_minutes_start": 120, "minus_minutes_start": 60, "length": 480, "plus_minutes_end": 60, "minus_minutes_end": 60, "available_days": "*"}, {"abbr": "D", "full_name": "Dayshift", "start_time": "10:0", "plus_minutes_start": 60, "minus_minutes_start": 60, "length": 480, "plus_minutes_end": 60, "minus_minutes_end": 60, "available_days": "*"}, {"abbr": "E", "full_name": "Eveningshift", "start_time": "14:0", "plus_minutes_start": 60, "minus_minutes_start": 60, "length": 480, "plus_minutes_end": 60, "minus_minutes_end": 60, "available_days": "*"}, {"abbr": "N", "full_name": "Nightshift", "start_time": "22:0", "plus_minutes_start": 60, "minus_minutes_start": 60, "length": 480, "plus_minutes_end": 60, "minus_minutes_end": 60, "available_days": "*"}], "Requirements": [17, 20, 22, 26, 25, 22, 22, 19, 15, 16, 21, 21, 19, 14, 18, 24, 26, 22, 22, 22, 16, 14, 11, 6, 7, 8, 10, 14, 13, 14, 14, 15, 11, 12, 17, 17, 19, 14, 17, 23, 27, 23, 23, 23, 17, 13, 10, 5, 7, 11, 13, 17, 16, 17, 17, 18, 14, 15, 20, 20, 19, 14, 18, 25, 29, 25, 25, 25, 19, 15, 12, 7, 8, 11, 13, 17, 15, 16, 16, 17, 13, 14, 17, 17, 19, 14, 18, 22, 26, 22, 22, 22, 18, 14, 11, 6, 7, 8, 10, 14, 13, 14, 14, 15, 11, 12, 17, 17, 19, 14, 18, 24, 28, 27, 27, 27, 21, 17, 14, 9, 6, 11, 14, 17, 16, 9, 9, 10, 10, 15, 12, 12, 18, 17, 22, 28, 33, 33, 33, 33, 27, 22, 18, 17, 14, 17, 20, 23, 22, 14, 14, 11, 11, 16, 16, 16, 22, 21, 20, 26, 30, 35, 35, 35, 29, 25, 20, 16], "DaysPerCycle": 7, "SD_ObjWeightShifts": 60, "SD_ObjWeightUnderCover": 1, "SD_ObjWeightOverCover": 1, "MinShift": 3, "MaxShift": 7, "MinShiftType": [3, 1, 1, 1], "MaxShiftType": [6, 5, 5, 5], "MinOff": 1, "MaxOff": 4, "ForwardRotation": true}