{"MinuteInterval": 60, "Number of shift templates": 4, "Shift templates": [{"abbr": "F", "full_name": "Fr\u00fchschicht", "start_time": "6:0", "plus_minutes_start": 120, "minus_minutes_start": 60, "length": 480, "plus_minutes_end": 60, "minus_minutes_end": 60, "available_days": "*"}, {"abbr": "T", "full_name": "Tagschicht", "start_time": "10:0", "plus_minutes_start": 60, "minus_minutes_start": 60, "length": 480, "plus_minutes_end": 60, "minus_minutes_end": 60, "available_days": "*"}, {"abbr": "S", "full_name": "Sp\u00e4tschicht", "start_time": "14:0", "plus_minutes_start": 60, "minus_minutes_start": 60, "length": 480, "plus_minutes_end": 60, "minus_minutes_end": 60, "available_days": "*"}, {"abbr": "N", "full_name": "Nachtschicht", "start_time": "22:0", "plus_minutes_start": 60, "minus_minutes_start": 60, "length": 480, "plus_minutes_end": 60, "minus_minutes_end": 60, "available_days": "*"}], "Requirements": [0, 0, 0, 0, 0, 0, 0, 5, 9, 9, 9, 12, 12, 16, 16, 12, 8, 8, 8, 6, 1, 1, 1, 0, 0, 0, 0, 0, 0, 0, 0, 5, 9, 9, 9, 12, 12, 16, 16, 14, 10, 10, 10, 8, 3, 3, 3, 2, 0, 0, 0, 0, 0, 0, 0, 5, 9, 9, 9, 12, 12, 16, 16, 12, 8, 8, 8, 6, 1, 1, 1, 0, 0, 0, 0, 0, 0, 0, 0, 5, 9, 9, 9, 12, 12, 16, 16, 12, 8, 8, 8, 6, 1, 1, 1, 0, 0, 0, 0, 0, 0, 0, 0, 5, 9, 9, 9, 12, 12, 16, 16, 12, 8, 8, 8, 6, 1, 1, 1, 0, 0, 0, 0, 0, 0, 0, 0, 3, 6, 6, 6, 9, 9, 14, 14, 12, 11, 11, 11, 9, 3, 3, 3, 2, 0, 0, 0, 0, 0, 0, 0, 3, 6, 6, 6, 9, 9, 14, 14, 12, 11, 11, 11, 9, 3, 3, 3, 2], "DaysPerCycle": 7, "SD_ObjWeightShifts": 60, "SD_ObjWeightUnderCover": 1, "SD_ObjWeightOverCover": 1, "MinShift": 4, "MaxShift": 5, "MinShiftType": [4, 4, 2, 2], "MaxShiftType": [5, 4, 5, 4], "MinOff": 2, "MaxOff": 2, "ForwardRotation": true}