{"MinuteInterval": 60, "Number of shift templates": 4, "Shift templates": [{"abbr": "M", "full_name": "MorningShift", "start_time": "6:0", "plus_minutes_start": 120, "minus_minutes_start": 60, "length": 480, "plus_minutes_end": 60, "minus_minutes_end": 60, "available_days": "*"}, {"abbr": "D", "full_name": "Dayshift", "start_time": "10:0", "plus_minutes_start": 60, "minus_minutes_start": 60, "length": 480, "plus_minutes_end": 60, "minus_minutes_end": 60, "available_days": "*"}, {"abbr": "E", "full_name": "Eveningshift", "start_time": "14:0", "plus_minutes_start": 60, "minus_minutes_start": 60, "length": 480, "plus_minutes_end": 60, "minus_minutes_end": 60, "available_days": "*"}, {"abbr": "N", "full_name": "Nightshift", "start_time": "22:0", "plus_minutes_start": 60, "minus_minutes_start": 60, "length": 480, "plus_minutes_end": 60, "minus_minutes_end": 60, "available_days": "*"}], "Requirements": [8, 8, 5, 4, 3, 6, 6, 6, 9, 12, 12, 14, 25, 25, 28, 40, 32, 32, 30, 31, 24, 21, 21, 17, 13, 13, 6, 4, 3, 6, 6, 6, 9, 11, 11, 12, 23, 23, 26, 38, 30, 33, 30, 30, 22, 19, 19, 15, 11, 11, 4, 2, 2, 5, 5, 5, 9, 11, 11, 12, 23, 23, 26, 38, 30, 33, 31, 32, 24, 21, 21, 17, 13, 13, 6, 4, 3, 6, 6, 6, 9, 11, 11, 12, 23, 23, 26, 37, 29, 32, 31, 32, 24, 21, 21, 17, 14, 14, 7, 5, 3, 6, 6, 6, 9, 11, 11, 12, 20, 20, 23, 35, 27, 30, 28, 29, 21, 21, 21, 17, 13, 13, 6, 6, 5, 8, 8, 8, 6, 4, 4, 9, 21, 21, 23, 28, 25, 29, 32, 31, 21, 18, 20, 15, 13, 13, 5, 6, 5, 8, 8, 8, 6, 7, 7, 10, 16, 16, 18, 26, 23, 27, 25, 24, 16, 14, 10, 10], "DaysPerCycle": 7, "SD_ObjWeightShifts": 60, "SD_ObjWeightUnderCover": 1, "SD_ObjWeightOverCover": 1, "MinShift": 2, "MaxShift": 7, "MinShiftType": [2, 1, 3, 4], "MaxShiftType": [5, 6, 7, 6], "MinOff": 2, "MaxOff": 4, "ForwardRotation": true}