{"MinuteInterval": 60, "Number of shift templates": 4, "Shift templates": [{"abbr": "F", "full_name": "Fr\u00fchschicht", "start_time": "6:0", "plus_minutes_start": 120, "minus_minutes_start": 60, "length": 480, "plus_minutes_end": 60, "minus_minutes_end": 60, "available_days": "*"}, {"abbr": "T", "full_name": "Tagschicht", "start_time": "10:0", "plus_minutes_start": 60, "minus_minutes_start": 60, "length": 480, "plus_minutes_end": 60, "minus_minutes_end": 60, "available_days": "*"}, {"abbr": "S", "full_name": "Sp\u00e4tschicht", "start_time": "14:0", "plus_minutes_start": 60, "minus_minutes_start": 60, "length": 480, "plus_minutes_end": 60, "minus_minutes_end": 60, "available_days": "*"}, {"abbr": "N", "full_name": "Nachtschicht", "start_time": "22:0", "plus_minutes_start": 60, "minus_minutes_start": 60, "length": 480, "plus_minutes_end": 60, "minus_minutes_end": 60, "available_days": "*"}], "Requirements": [0, 0, 0, 0, 0, 0, 0, 3, 11, 11, 12, 18, 18, 18, 15, 11, 11, 7, 7, 2, 0, 0, 1, 1, 1, 1, 1, 1, 1, 1, 0, 5, 13, 13, 14, 20, 20, 20, 15, 11, 11, 7, 7, 2, 0, 0, 1, 1, 1, 1, 1, 1, 1, 1, 0, 5, 13, 13, 14, 20, 20, 20, 15, 11, 11, 7, 7, 2, 0, 0, 2, 2, 2, 2, 2, 2, 2, 2, 0, 5, 13, 13, 14, 20, 20, 20, 15, 11, 11, 7, 7, 2, 0, 0, 1, 1, 1, 1, 1, 1, 1, 1, 0, 5, 13, 13, 14, 19, 19, 19, 14, 10, 10, 6, 6, 3, 0, 0, 1, 1, 1, 1, 1, 1, 1, 1, 0, 4, 7, 7, 8, 14, 14, 17, 13, 13, 13, 10, 10, 5, 3, 3, 0, 0, 0, 0, 0, 0, 0, 0, 0, 4, 7, 7, 8, 14, 14, 17, 13, 13, 13, 10, 10, 5, 3, 3, 0, 0], "DaysPerCycle": 7, "SD_ObjWeightShifts": 60, "SD_ObjWeightUnderCover": 1, "SD_ObjWeightOverCover": 1, "MinShift": 3, "MaxShift": 7, "MinShiftType": [4, 4, 4, 4], "MaxShiftType": [4, 5, 7, 7], "MinOff": 2, "MaxOff": 4, "ForwardRotation": true}