{"MinuteInterval": 60, "Number of shift templates": 4, "Shift templates": [{"abbr": "F", "full_name": "Fr\u00fchschicht", "start_time": "6:0", "plus_minutes_start": 120, "minus_minutes_start": 60, "length": 480, "plus_minutes_end": 60, "minus_minutes_end": 60, "available_days": "*"}, {"abbr": "T", "full_name": "Tagschicht", "start_time": "10:0", "plus_minutes_start": 60, "minus_minutes_start": 60, "length": 480, "plus_minutes_end": 60, "minus_minutes_end": 60, "available_days": "*"}, {"abbr": "S", "full_name": "Sp\u00e4tschicht", "start_time": "14:0", "plus_minutes_start": 60, "minus_minutes_start": 60, "length": 480, "plus_minutes_end": 60, "minus_minutes_end": 60, "available_days": "*"}, {"abbr": "N", "full_name": "Nachtschicht", "start_time": "22:0", "plus_minutes_start": 60, "minus_minutes_start": 60, "length": 480, "plus_minutes_end": 60, "minus_minutes_end": 60, "available_days": "*"}], "Requirements": [6, 6, 6, 6, 6, 6, 7, 5, 7, 11, 14, 17, 17, 15, 15, 10, 6, 3, 0, 0, 0, 1, 6, 6, 6, 6, 6, 6, 6, 6, 7, 5, 7, 11, 14, 15, 15, 13, 13, 8, 4, 1, 0, 0, 0, 1, 5, 5, 5, 5, 5, 5, 5, 5, 6, 5, 7, 11, 18, 21, 21, 19, 19, 14, 10, 7, 0, 0, 0, 1, 5, 5, 5, 5, 5, 5, 5, 5, 6, 5, 7, 11, 14, 17, 17, 15, 15, 10, 6, 3, 0, 0, 0, 1, 5, 5, 5, 5, 5, 5, 5, 5, 6, 5, 7, 11, 14, 17, 17, 15, 15, 10, 6, 3, 0, 0, 0, 1, 5, 5, 5, 5, 5, 5, 5, 5, 6, 5, 8, 12, 17, 19, 19, 17, 17, 15, 11, 7, 4, 4, 4, 5, 10, 10, 6, 6, 6, 6, 6, 6, 7, 5, 7, 11, 16, 18, 18, 16, 16, 15, 11, 7, 4, 4, 4, 5, 10, 10], "DaysPerCycle": 7, "SD_ObjWeightShifts": 60, "SD_ObjWeightUnderCover": 1, "SD_ObjWeightOverCover": 1, "MinShift": 4, "MaxShift": 6, "MinShiftType": [3, 4, 1, 4], "MaxShiftType": [4, 6, 4, 6], "MinOff": 2, "MaxOff": 4, "ForwardRotation": true}