{"MinuteInterval": 60, "Number of shift templates": 4, "Shift templates": [{"abbr": "F", "full_name": "Fr\u00fchschicht", "start_time": "6:0", "plus_minutes_start": 120, "minus_minutes_start": 60, "length": 480, "plus_minutes_end": 60, "minus_minutes_end": 60, "available_days": "*"}, {"abbr": "T", "full_name": "Tagschicht", "start_time": "10:0", "plus_minutes_start": 60, "minus_minutes_start": 60, "length": 480, "plus_minutes_end": 60, "minus_minutes_end": 60, "available_days": "*"}, {"abbr": "S", "full_name": "Sp\u00e4tschicht", "start_time": "14:0", "plus_minutes_start": 60, "minus_minutes_start": 60, "length": 480, "plus_minutes_end": 60, "minus_minutes_end": 60, "available_days": "*"}, {"abbr": "N", "full_name": "Nachtschicht", "start_time": "22:0", "plus_minutes_start": 60, "minus_minutes_start": 60, "length": 480, "plus_minutes_end": 60, "minus_minutes_end": 60, "available_days": "*"}], "Requirements": [7, 7, 7, 7, 7, 7, 10, 10, 5, 5, 5, 10, 10, 10, 10, 5, 5, 5, 5, 5, 0, 0, 1, 3, 3, 3, 3, 3, 3, 3, 7, 7, 5, 5, 5, 10, 10, 10, 10, 5, 5, 5, 5, 5, 0, 0, 1, 3, 3, 3, 3, 3, 3, 3, 7, 7, 5, 5, 5, 9, 9, 9, 9, 4, 4, 4, 4, 4, 0, 0, 1, 3, 3, 3, 3, 3, 3, 3, 3, 3, 1, 1, 1, 1, 1, 1, 1, 0, 0, 0, 0, 0, 0, 0, 1, 6, 6, 6, 6, 6, 6, 6, 7, 7, 2, 2, 2, 7, 7, 7, 7, 5, 5, 5, 5, 5, 0, 0, 1, 3, 3, 3, 3, 3, 3, 3, 2, 2, 0, 0, 0, 5, 5, 5, 5, 5, 5, 5, 5, 5, 0, 0, 1, 7, 7, 7, 7, 7, 7, 7, 10, 10, 5, 5, 5, 10, 10, 10, 10, 5, 5, 5, 5, 5, 0, 0, 1, 7], "DaysPerCycle": 7, "SD_ObjWeightShifts": 60, "SD_ObjWeightUnderCover": 1, "SD_ObjWeightOverCover": 1, "MinShift": 2, "MaxShift": 7, "MinShiftType": [4, 3, 1, 1], "MaxShiftType": [4, 6, 6, 4], "MinOff": 1, "MaxOff": 4, "ForwardRotation": true}