{"MinuteInterval": 60, "Number of shift templates": 4, "Shift templates": [{"abbr": "F", "full_name": "Fr\u00fchschicht", "start_time": "6:0", "plus_minutes_start": 120, "minus_minutes_start": 60, "length": 480, "plus_minutes_end": 60, "minus_minutes_end": 60, "available_days": "*"}, {"abbr": "T", "full_name": "Tagschicht", "start_time": "10:0", "plus_minutes_start": 60, "minus_minutes_start": 60, "length": 480, "plus_minutes_end": 60, "minus_minutes_end": 60, "available_days": "*"}, {"abbr": "S", "full_name": "Sp\u00e4tschicht", "start_time": "14:0", "plus_minutes_start": 60, "minus_minutes_start": 60, "length": 480, "plus_minutes_end": 60, "minus_minutes_end": 60, "available_days": "*"}, {"abbr": "N", "full_name": "Nachtschicht", "start_time": "22:0", "plus_minutes_start": 60, "minus_minutes_start": 60, "length": 480, "plus_minutes_end": 60, "minus_minutes_end": 60, "available_days": "*"}], "Requirements": [9, 9, 9, 9, 5, 5, 0, 3, 3, 3, 4, 5, 5, 6, 8, 5, 5, 4, 4, 3, 3, 6, 9, 9, 9, 9, 9, 9, 5, 5, 0, 3, 3, 3, 4, 5, 5, 6, 10, 7, 7, 6, 6, 5, 5, 8, 5, 5, 5, 5, 5, 5, 1, 1, 0, 3, 3, 3, 4, 5, 5, 6, 10, 7, 7, 6, 6, 5, 5, 8, 9, 9, 9, 9, 9, 9, 5, 5, 0, 2, 2, 2, 3, 4, 4, 8, 17, 15, 15, 14, 14, 13, 13, 13, 14, 9, 9, 9, 9, 9, 5, 5, 0, 3, 3, 3, 4, 5, 5, 6, 10, 7, 7, 6, 6, 5, 5, 8, 9, 9, 9, 9, 9, 9, 5, 5, 0, 3, 3, 3, 6, 6, 6, 7, 10, 7, 7, 4, 4, 4, 4, 7, 9, 9, 9, 9, 9, 9, 5, 5, 0, 3, 3, 3, 6, 6, 6, 7, 13, 10, 10, 7, 7, 7, 7, 10, 12, 9], "DaysPerCycle": 7, "SD_ObjWeightShifts": 60, "SD_ObjWeightUnderCover": 1, "SD_ObjWeightOverCover": 1, "MinShift": 2, "MaxShift": 5, "MinShiftType": [3, 2, 2, 4], "MaxShiftType": [5, 4, 5, 4], "MinOff": 2, "MaxOff": 4, "ForwardRotation": true}