{"MinuteInterval": 60, "Number of shift templates": 4, "Shift templates": [{"abbr": "M", "full_name": "MorningShift", "start_time": "6:0", "plus_minutes_start": 120, "minus_minutes_start": 60, "length": 480, "plus_minutes_end": 60, "minus_minutes_end": 60, "available_days": "*"}, {"abbr": "D", "full_name": "Dayshift", "start_time": "10:0", "plus_minutes_start": 60, "minus_minutes_start": 60, "length": 480, "plus_minutes_end": 60, "minus_minutes_end": 60, "available_days": "*"}, {"abbr": "E", "full_name": "Eveningshift", "start_time": "14:0", "plus_minutes_start": 60, "minus_minutes_start": 60, "length": 480, "plus_minutes_end": 60, "minus_minutes_end": 60, "available_days": "*"}, {"abbr": "N", "full_name": "Nightshift", "start_time": "22:0", "plus_minutes_start": 60, "minus_minutes_start": 60, "length": 480, "plus_minutes_end": 60, "minus_minutes_end": 60, "available_days": "*"}], "Requirements": [11, 5, 7, 7, 9, 13, 8, 8, 15, 20, 25, 27, 29, 25, 29, 28, 22, 23, 20, 17, 18, 14, 14, 15, 15, 10, 7, 7, 9, 13, 8, 8, 15, 23, 28, 30, 34, 30, 34, 30, 24, 25, 22, 19, 18, 14, 14, 15, 15, 10, 7, 7, 9, 13, 8, 8, 15, 23, 28, 30, 34, 30, 34, 30, 24, 25, 22, 19, 18, 14, 14, 15, 15, 10, 7, 7, 9, 9, 4, 4, 6, 14, 19, 21, 23, 24, 28, 24, 18, 23, 20, 17, 18, 14, 14, 11, 11, 6, 7, 7, 9, 13, 8, 8, 15, 26, 31, 33, 37, 33, 37, 33, 24, 25, 22, 19, 18, 14, 14, 15, 15, 10, 7, 7, 8, 12, 7, 7, 9, 16, 21, 23, 25, 26, 30, 28, 24, 25, 22, 19, 17, 14, 12, 11, 11, 5, 7, 7, 8, 12, 7, 7, 9, 16, 21, 23, 25, 28, 32, 30, 26, 27, 22, 19, 17, 14, 12, 11], "DaysPerCycle": 7, "SD_ObjWeightShifts": 60, "SD_ObjWeightUnderCover": 1, "SD_ObjWeightOverCover": 1, "MinShift": 4, "MaxShift": 5, "MinShiftType": [4, 1, 3, 3], "MaxShiftType": [5, 4, 5, 5], "MinOff": 2, "MaxOff": 3, "ForwardRotation": true}