{"MinuteInterval": 60, "Number of shift templates": 4, "Shift templates": [{"abbr": "M", "full_name": "MorningShift", "start_time": "6:0", "plus_minutes_start": 120, "minus_minutes_start": 60, "length": 480, "plus_minutes_end": 60, "minus_minutes_end": 60, "available_days": "*"}, {"abbr": "D", "full_name": "Dayshift", "start_time": "10:0", "plus_minutes_start": 60, "minus_minutes_start": 60, "length": 480, "plus_minutes_end": 60, "minus_minutes_end": 60, "available_days": "*"}, {"abbr": "E", "full_name": "Eveningshift", "start_time": "14:0", "plus_minutes_start": 60, "minus_minutes_start": 60, "length": 480, "plus_minutes_end": 60, "minus_minutes_end": 60, "available_days": "*"}, {"abbr": "N", "full_name": "Nightshift", "start_time": "22:0", "plus_minutes_start": 60, "minus_minutes_start": 60, "length": 480, "plus_minutes_end": 60, "minus_minutes_end": 60, "available_days": "*"}], "Requirements": [3, 3, 8, 11, 10, 10, 10, 10, 5, 7, 8, 12, 13, 13, 16, 21, 20, 25, 21, 21, 21, 22, 22, 12, 12, 12, 7, 6, 4, 4, 4, 4, 0, 3, 4, 8, 9, 9, 16, 21, 20, 25, 21, 21, 21, 22, 22, 12, 12, 12, 8, 7, 5, 5, 5, 5, 1, 4, 5, 9, 10, 10, 16, 21, 20, 25, 21, 21, 21, 22, 22, 12, 12, 12, 12, 11, 9, 9, 9, 9, 5, 8, 9, 13, 14, 14, 16, 21, 20, 25, 21, 21, 21, 22, 22, 12, 12, 12, 12, 11, 9, 9, 9, 9, 5, 8, 13, 17, 18, 18, 20, 21, 20, 25, 21, 21, 21, 22, 22, 12, 12, 12, 8, 7, 5, 5, 5, 5, 1, 6, 7, 10, 11, 11, 9, 14, 13, 15, 12, 12, 12, 12, 12, 3, 3, 3, 4, 6, 5, 5, 5, 5, 1, 6, 7, 10, 11, 11, 9, 14, 13, 15, 12, 12, 12, 12, 12, 3], "DaysPerCycle": 7, "SD_ObjWeightShifts": 60, "SD_ObjWeightUnderCover": 1, "SD_ObjWeightOverCover": 1, "MinShift": 3, "MaxShift": 6, "MinShiftType": [3, 3, 1, 3], "MaxShiftType": [4, 5, 6, 5], "MinOff": 1, "MaxOff": 4, "ForwardRotation": true}