{"MinuteInterval": 60, "Number of shift templates": 4, "Shift templates": [{"abbr": "F", "full_name": "Fr\u00fchschicht", "start_time": "6:0", "plus_minutes_start": 120, "minus_minutes_start": 60, "length": 480, "plus_minutes_end": 60, "minus_minutes_end": 60, "available_days": "*"}, {"abbr": "T", "full_name": "Tagschicht", "start_time": "10:0", "plus_minutes_start": 60, "minus_minutes_start": 60, "length": 480, "plus_minutes_end": 60, "minus_minutes_end": 60, "available_days": "*"}, {"abbr": "S", "full_name": "Sp\u00e4tschicht", "start_time": "14:0", "plus_minutes_start": 60, "minus_minutes_start": 60, "length": 480, "plus_minutes_end": 60, "minus_minutes_end": 60, "available_days": "*"}, {"abbr": "N", "full_name": "Nachtschicht", "start_time": "22:0", "plus_minutes_start": 60, "minus_minutes_start": 60, "length": 480, "plus_minutes_end": 60, "minus_minutes_end": 60, "available_days": "*"}], "Requirements": [12, 12, 12, 12, 11, 9, 0, 2, 2, 4, 6, 10, 10, 14, 15, 17, 15, 15, 13, 7, 7, 4, 5, 3, 3, 3, 3, 3, 2, 2, 0, 2, 2, 8, 10, 14, 14, 18, 19, 21, 19, 15, 13, 7, 7, 4, 5, 3, 3, 3, 3, 3, 2, 2, 0, 2, 2, 4, 6, 10, 10, 14, 15, 18, 16, 16, 14, 8, 8, 5, 5, 3, 3, 3, 3, 3, 2, 2, 0, 2, 2, 4, 6, 10, 10, 14, 15, 18, 16, 16, 14, 8, 8, 7, 7, 5, 5, 5, 5, 5, 4, 4, 0, 2, 2, 4, 8, 12, 12, 16, 17, 20, 18, 18, 16, 8, 8, 5, 5, 3, 3, 3, 3, 3, 2, 2, 0, 3, 3, 6, 7, 11, 11, 15, 17, 21, 18, 15, 15, 10, 10, 12, 15, 12, 12, 12, 12, 12, 11, 9, 0, 1, 1, 4, 7, 11, 11, 15, 17, 21, 20, 17, 17, 10, 10, 12, 15, 12], "DaysPerCycle": 7, "SD_ObjWeightShifts": 60, "SD_ObjWeightUnderCover": 1, "SD_ObjWeightOverCover": 1, "MinShift": 4, "MaxShift": 7, "MinShiftType": [1, 4, 4, 1], "MaxShiftType": [4, 7, 7, 4], "MinOff": 2, "MaxOff": 3, "ForwardRotation": true}