{"MinuteInterval": 60, "Number of shift templates": 4, "Shift templates": [{"abbr": "F", "full_name": "Fr\u00fchschicht", "start_time": "6:0", "plus_minutes_start": 120, "minus_minutes_start": 60, "length": 480, "plus_minutes_end": 60, "minus_minutes_end": 60, "available_days": "*"}, {"abbr": "T", "full_name": "Tagschicht", "start_time": "10:0", "plus_minutes_start": 60, "minus_minutes_start": 60, "length": 480, "plus_minutes_end": 60, "minus_minutes_end": 60, "available_days": "*"}, {"abbr": "S", "full_name": "Sp\u00e4tschicht", "start_time": "14:0", "plus_minutes_start": 60, "minus_minutes_start": 60, "length": 480, "plus_minutes_end": 60, "minus_minutes_end": 60, "available_days": "*"}, {"abbr": "N", "full_name": "Nachtschicht", "start_time": "22:0", "plus_minutes_start": 60, "minus_minutes_start": 60, "length": 480, "plus_minutes_end": 60, "minus_minutes_end": 60, "available_days": "*"}], "Requirements": [0, 0, 0, 0, 0, 3, 3, 8, 8, 8, 12, 17, 17, 23, 23, 27, 22, 20, 17, 17, 8, 4, 0, 0, 0, 0, 0, 0, 0, 3, 3, 8, 8, 8, 12, 17, 17, 23, 23, 24, 19, 17, 14, 14, 5, 1, 0, 0, 0, 0, 0, 0, 0, 3, 3, 8, 8, 8, 12, 17, 17, 23, 23, 24, 19, 17, 14, 14, 5, 1, 0, 0, 0, 0, 0, 0, 0, 3, 3, 8, 8, 8, 13, 18, 18, 24, 24, 25, 20, 17, 14, 14, 5, 1, 0, 0, 0, 0, 0, 0, 0, 3, 3, 8, 8, 8, 12, 17, 17, 23, 23, 24, 19, 17, 14, 14, 5, 1, 0, 0, 0, 0, 0, 0, 0, 5, 5, 8, 8, 8, 12, 21, 21, 21, 23, 24, 21, 19, 12, 12, 8, 3, 0, 0, 0, 0, 0, 0, 0, 5, 5, 8, 8, 8, 12, 21, 21, 19, 21, 22, 19, 17, 10, 10, 4, 3, 0, 0], "DaysPerCycle": 7, "SD_ObjWeightShifts": 60, "SD_ObjWeightUnderCover": 1, "SD_ObjWeightOverCover": 1, "MinShift": 2, "MaxShift": 6, "MinShiftType": [2, 2, 2, 1], "MaxShiftType": [5, 4, 5, 4], "MinOff": 2, "MaxOff": 3, "ForwardRotation": true}