{"MinuteInterval": 60, "Number of shift templates": 4, "Shift templates": [{"abbr": "F", "full_name": "Fr\u00fchschicht", "start_time": "6:0", "plus_minutes_start": 120, "minus_minutes_start": 60, "length": 480, "plus_minutes_end": 60, "minus_minutes_end": 60, "available_days": "*"}, {"abbr": "T", "full_name": "Tagschicht", "start_time": "10:0", "plus_minutes_start": 60, "minus_minutes_start": 60, "length": 480, "plus_minutes_end": 60, "minus_minutes_end": 60, "available_days": "*"}, {"abbr": "S", "full_name": "Sp\u00e4tschicht", "start_time": "14:0", "plus_minutes_start": 60, "minus_minutes_start": 60, "length": 480, "plus_minutes_end": 60, "minus_minutes_end": 60, "available_days": "*"}, {"abbr": "N", "full_name": "Nachtschicht", "start_time": "22:0", "plus_minutes_start": 60, "minus_minutes_start": 60, "length": 480, "plus_minutes_end": 60, "minus_minutes_end": 60, "available_days": "*"}], "Requirements": [5, 5, 5, 5, 5, 0, 5, 13, 13, 13, 16, 21, 21, 18, 18, 16, 16, 13, 13, 8, 8, 9, 1, 1, 1, 1, 1, 1, 1, 0, 5, 13, 13, 13, 16, 21, 21, 18, 17, 15, 15, 12, 12, 7, 7, 8, 1, 1, 1, 1, 1, 1, 1, 0, 5, 13, 13, 13, 16, 21, 21, 18, 17, 15, 15, 12, 12, 7, 7, 9, 5, 5, 5, 5, 5, 5, 5, 0, 5, 13, 13, 13, 16, 21, 21, 18, 21, 19, 19, 16, 16, 11, 11, 8, 1, 1, 1, 1, 1, 1, 1, 0, 5, 13, 13, 13, 16, 21, 21, 17, 16, 14, 14, 11, 11, 6, 6, 7, 1, 1, 1, 1, 1, 1, 1, 0, 5, 10, 10, 10, 15, 20, 20, 16, 16, 16, 16, 11, 11, 6, 6, 10, 5, 5, 5, 5, 5, 5, 5, 0, 5, 11, 11, 11, 16, 21, 21, 17, 16, 16, 16, 11, 11, 6, 6, 10, 5, 5], "DaysPerCycle": 7, "SD_ObjWeightShifts": 60, "SD_ObjWeightUnderCover": 1, "SD_ObjWeightOverCover": 1, "MinShift": 2, "MaxShift": 7, "MinShiftType": [2, 3, 4, 3], "MaxShiftType": [6, 4, 7, 4], "MinOff": 2, "MaxOff": 4, "ForwardRotation": true}