{"MinuteInterval": 60, "Number of shift templates": 4, "Shift templates": [{"abbr": "F", "full_name": "Fr\u00fchschicht", "start_time": "6:0", "plus_minutes_start": 120, "minus_minutes_start": 60, "length": 480, "plus_minutes_end": 60, "minus_minutes_end": 60, "available_days": "*"}, {"abbr": "T", "full_name": "Tagschicht", "start_time": "10:0", "plus_minutes_start": 60, "minus_minutes_start": 60, "length": 480, "plus_minutes_end": 60, "minus_minutes_end": 60, "available_days": "*"}, {"abbr": "S", "full_name": "Sp\u00e4tschicht", "start_time": "14:0", "plus_minutes_start": 60, "minus_minutes_start": 60, "length": 480, "plus_minutes_end": 60, "minus_minutes_end": 60, "available_days": "*"}, {"abbr": "N", "full_name": "Nachtschicht", "start_time": "22:0", "plus_minutes_start": 60, "minus_minutes_start": 60, "length": 480, "plus_minutes_end": 60, "minus_minutes_end": 60, "available_days": "*"}], "Requirements": [3, 3, 3, 3, 3, 2, 6, 9, 9, 11, 11, 14, 14, 16, 15, 16, 16, 14, 11, 11, 11, 13, 6, 6, 6, 6, 6, 6, 6, 2, 6, 9, 9, 11, 11, 14, 14, 16, 15, 19, 19, 17, 14, 14, 14, 16, 9, 6, 6, 6, 6, 6, 6, 2, 5, 8, 8, 10, 10, 13, 13, 15, 14, 12, 12, 10, 7, 7, 7, 9, 6, 6, 6, 6, 6, 6, 6, 2, 6, 9, 9, 11, 11, 14, 14, 16, 15, 16, 16, 14, 11, 11, 11, 13, 6, 6, 6, 6, 6, 6, 6, 2, 6, 9, 9, 11, 11, 14, 14, 16, 15, 14, 14, 12, 9, 9, 9, 11, 6, 6, 6, 6, 6, 6, 6, 2, 6, 9, 9, 11, 11, 14, 14, 16, 15, 15, 15, 13, 10, 10, 10, 9, 3, 3, 3, 3, 3, 3, 3, 2, 6, 9, 9, 11, 11, 14, 14, 16, 15, 15, 15, 13, 10, 10, 10, 9, 3, 3], "DaysPerCycle": 7, "SD_ObjWeightShifts": 60, "SD_ObjWeightUnderCover": 1, "SD_ObjWeightOverCover": 1, "MinShift": 3, "MaxShift": 6, "MinShiftType": [1, 3, 2, 1], "MaxShiftType": [5, 4, 6, 4], "MinOff": 1, "MaxOff": 3, "ForwardRotation": true}