{"MinuteInterval": 60, "Number of shift templates": 4, "Shift templates": [{"abbr": "F", "full_name": "Fr\u00fchschicht", "start_time": "6:0", "plus_minutes_start": 120, "minus_minutes_start": 60, "length": 480, "plus_minutes_end": 60, "minus_minutes_end": 60, "available_days": "*"}, {"abbr": "T", "full_name": "Tagschicht", "start_time": "10:0", "plus_minutes_start": 60, "minus_minutes_start": 60, "length": 480, "plus_minutes_end": 60, "minus_minutes_end": 60, "available_days": "*"}, {"abbr": "S", "full_name": "Sp\u00e4tschicht", "start_time": "14:0", "plus_minutes_start": 60, "minus_minutes_start": 60, "length": 480, "plus_minutes_end": 60, "minus_minutes_end": 60, "available_days": "*"}, {"abbr": "N", "full_name": "Nachtschicht", "start_time": "22:0", "plus_minutes_start": 60, "minus_minutes_start": 60, "length": 480, "plus_minutes_end": 60, "minus_minutes_end": 60, "available_days": "*"}], "Requirements": [6, 6, 6, 6, 6, 9, 9, 8, 8, 8, 8, 8, 7, 11, 8, 4, 4, 4, 4, 4, 1, 5, 8, 12, 12, 12, 12, 12, 12, 15, 15, 15, 11, 11, 11, 11, 7, 11, 10, 6, 6, 6, 6, 6, 3, 7, 8, 15, 15, 15, 15, 15, 15, 18, 18, 15, 11, 11, 11, 11, 7, 12, 9, 5, 5, 5, 5, 5, 2, 6, 8, 16, 16, 16, 16, 16, 16, 19, 19, 16, 11, 11, 11, 11, 7, 11, 8, 8, 8, 8, 8, 8, 5, 9, 12, 15, 15, 15, 15, 15, 15, 18, 18, 15, 11, 11, 11, 11, 7, 11, 8, 4, 4, 4, 4, 4, 1, 5, 5, 12, 12, 12, 12, 12, 12, 16, 16, 16, 12, 12, 12, 12, 8, 12, 9, 9, 9, 9, 9, 9, 5, 6, 5, 10, 10, 10, 10, 10, 10, 18, 18, 17, 13, 13, 13, 13, 9, 13, 8, 8, 8, 8, 8, 8, 4, 5, 5, 6], "DaysPerCycle": 7, "SD_ObjWeightShifts": 60, "SD_ObjWeightUnderCover": 1, "SD_ObjWeightOverCover": 1, "MinShift": 4, "MaxShift": 5, "MinShiftType": [3, 1, 2, 4], "MaxShiftType": [5, 4, 4, 4], "MinOff": 1, "MaxOff": 2, "ForwardRotation": true}