{"MinuteInterval": 60, "Number of shift templates": 4, "Shift templates": [{"abbr": "F", "full_name": "Fr\u00fchschicht", "start_time": "6:0", "plus_minutes_start": 120, "minus_minutes_start": 60, "length": 480, "plus_minutes_end": 60, "minus_minutes_end": 60, "available_days": "*"}, {"abbr": "T", "full_name": "Tagschicht", "start_time": "10:0", "plus_minutes_start": 60, "minus_minutes_start": 60, "length": 480, "plus_minutes_end": 60, "minus_minutes_end": 60, "available_days": "*"}, {"abbr": "S", "full_name": "Sp\u00e4tschicht", "start_time": "14:0", "plus_minutes_start": 60, "minus_minutes_start": 60, "length": 480, "plus_minutes_end": 60, "minus_minutes_end": 60, "available_days": "*"}, {"abbr": "N", "full_name": "Nachtschicht", "start_time": "22:0", "plus_minutes_start": 60, "minus_minutes_start": 60, "length": 480, "plus_minutes_end": 60, "minus_minutes_end": 60, "available_days": "*"}], "Requirements": [7, 7, 7, 7, 7, 4, 1, 0, 0, 0, 2, 2, 2, 2, 6, 15, 15, 15, 13, 13, 13, 19, 18, 15, 11, 11, 11, 11, 11, 8, 5, 0, 0, 0, 2, 2, 2, 2, 6, 13, 13, 13, 11, 11, 11, 17, 16, 15, 11, 11, 11, 11, 11, 8, 5, 0, 0, 0, 3, 3, 3, 3, 7, 13, 13, 13, 10, 10, 10, 18, 17, 16, 13, 13, 13, 13, 13, 8, 5, 0, 0, 0, 2, 2, 2, 2, 6, 13, 13, 13, 11, 11, 11, 17, 16, 15, 11, 11, 11, 11, 11, 8, 5, 0, 0, 0, 2, 2, 2, 2, 6, 13, 13, 13, 11, 11, 11, 17, 16, 15, 11, 11, 11, 11, 11, 8, 5, 0, 0, 0, 4, 4, 4, 4, 5, 9, 9, 9, 5, 5, 5, 11, 8, 7, 7, 7, 7, 7, 7, 4, 1, 0, 0, 0, 4, 4, 4, 4, 5, 9, 9, 9, 5, 5, 5, 11, 8, 7], "DaysPerCycle": 7, "SD_ObjWeightShifts": 60, "SD_ObjWeightUnderCover": 1, "SD_ObjWeightOverCover": 1, "MinShift": 2, "MaxShift": 7, "MinShiftType": [3, 4, 2, 4], "MaxShiftType": [6, 6, 6, 5], "MinOff": 1, "MaxOff": 3, "ForwardRotation": true}