{"MinuteInterval": 60, "Number of shift templates": 4, "Shift templates": [{"abbr": "F", "full_name": "Fr\u00fchschicht", "start_time": "6:0", "plus_minutes_start": 120, "minus_minutes_start": 60, "length": 480, "plus_minutes_end": 60, "minus_minutes_end": 60, "available_days": "*"}, {"abbr": "T", "full_name": "Tagschicht", "start_time": "10:0", "plus_minutes_start": 60, "minus_minutes_start": 60, "length": 480, "plus_minutes_end": 60, "minus_minutes_end": 60, "available_days": "*"}, {"abbr": "S", "full_name": "Sp\u00e4tschicht", "start_time": "14:0", "plus_minutes_start": 60, "minus_minutes_start": 60, "length": 480, "plus_minutes_end": 60, "minus_minutes_end": 60, "available_days": "*"}, {"abbr": "N", "full_name": "Nachtschicht", "start_time": "22:0", "plus_minutes_start": 60, "minus_minutes_start": 60, "length": 480, "plus_minutes_end": 60, "minus_minutes_end": 60, "available_days": "*"}], "Requirements": [6, 6, 6, 6, 4, 4, 4, 9, 14, 23, 23, 24, 24, 24, 25, 23, 16, 8, 5, 4, 4, 7, 6, 5, 4, 4, 4, 4, 1, 1, 1, 9, 14, 23, 23, 24, 24, 24, 25, 25, 18, 10, 7, 6, 6, 9, 8, 5, 4, 4, 4, 4, 1, 1, 1, 9, 14, 23, 23, 24, 24, 24, 25, 23, 16, 8, 5, 4, 4, 7, 6, 5, 4, 4, 4, 4, 1, 1, 1, 6, 11, 20, 20, 21, 21, 21, 22, 23, 16, 8, 5, 4, 4, 7, 6, 5, 4, 4, 4, 4, 1, 1, 1, 9, 14, 23, 23, 24, 24, 24, 25, 23, 16, 8, 5, 4, 4, 7, 6, 5, 4, 4, 4, 4, 1, 1, 1, 5, 6, 14, 14, 15, 15, 15, 15, 11, 6, 2, 2, 1, 1, 3, 3, 7, 6, 6, 6, 6, 4, 4, 4, 2, 7, 17, 17, 18, 18, 18, 18, 17, 12, 4, 2, 1, 1, 3, 3, 7], "DaysPerCycle": 7, "SD_ObjWeightShifts": 60, "SD_ObjWeightUnderCover": 1, "SD_ObjWeightOverCover": 1, "MinShift": 3, "MaxShift": 6, "MinShiftType": [4, 1, 4, 3], "MaxShiftType": [4, 6, 4, 5], "MinOff": 2, "MaxOff": 2, "ForwardRotation": true}