{"MinuteInterval": 60, "Number of shift templates": 4, "Shift templates": [{"abbr": "F", "full_name": "Fr\u00fchschicht", "start_time": "6:0", "plus_minutes_start": 120, "minus_minutes_start": 60, "length": 480, "plus_minutes_end": 60, "minus_minutes_end": 60, "available_days": "*"}, {"abbr": "T", "full_name": "Tagschicht", "start_time": "10:0", "plus_minutes_start": 60, "minus_minutes_start": 60, "length": 480, "plus_minutes_end": 60, "minus_minutes_end": 60, "available_days": "*"}, {"abbr": "S", "full_name": "Sp\u00e4tschicht", "start_time": "14:0", "plus_minutes_start": 60, "minus_minutes_start": 60, "length": 480, "plus_minutes_end": 60, "minus_minutes_end": 60, "available_days": "*"}, {"abbr": "N", "full_name": "Nachtschicht", "start_time": "22:0", "plus_minutes_start": 60, "minus_minutes_start": 60, "length": 480, "plus_minutes_end": 60, "minus_minutes_end": 60, "available_days": "*"}], "Requirements": [2, 2, 2, 2, 2, 7, 6, 9, 12, 16, 20, 23, 18, 23, 23, 22, 15, 11, 11, 8, 8, 3, 3, 3, 0, 0, 0, 0, 0, 5, 6, 9, 9, 10, 14, 18, 13, 18, 18, 17, 16, 12, 12, 9, 8, 3, 3, 3, 0, 0, 0, 0, 0, 5, 6, 9, 9, 10, 13, 19, 14, 19, 19, 18, 17, 14, 14, 11, 8, 3, 3, 3, 0, 0, 0, 0, 0, 5, 6, 9, 9, 10, 14, 19, 14, 15, 15, 14, 13, 9, 9, 6, 4, 3, 3, 3, 0, 0, 0, 0, 0, 5, 6, 9, 9, 10, 14, 18, 13, 18, 18, 17, 16, 12, 12, 8, 8, 4, 4, 4, 1, 1, 1, 1, 1, 3, 4, 7, 7, 10, 18, 21, 18, 19, 20, 19, 16, 12, 8, 5, 5, 5, 5, 5, 2, 2, 2, 2, 2, 5, 4, 7, 7, 10, 18, 21, 18, 19, 20, 19, 16, 12, 8, 5, 5, 5, 5, 5], "DaysPerCycle": 7, "SD_ObjWeightShifts": 60, "SD_ObjWeightUnderCover": 1, "SD_ObjWeightOverCover": 1, "MinShift": 2, "MaxShift": 5, "MinShiftType": [2, 2, 4, 2], "MaxShiftType": [4, 4, 4, 4], "MinOff": 1, "MaxOff": 3, "ForwardRotation": true}