{"MinuteInterval": 60, "Number of shift templates": 4, "Shift templates": [{"abbr": "M", "full_name": "MorningShift", "start_time": "6:0", "plus_minutes_start": 120, "minus_minutes_start": 60, "length": 480, "plus_minutes_end": 60, "minus_minutes_end": 60, "available_days": "*"}, {"abbr": "D", "full_name": "Dayshift", "start_time": "10:0", "plus_minutes_start": 60, "minus_minutes_start": 60, "length": 480, "plus_minutes_end": 60, "minus_minutes_end": 60, "available_days": "*"}, {"abbr": "E", "full_name": "Eveningshift", "start_time": "14:0", "plus_minutes_start": 60, "minus_minutes_start": 60, "length": 480, "plus_minutes_end": 60, "minus_minutes_end": 60, "available_days": "*"}, {"abbr": "N", "full_name": "Nightshift", "start_time": "22:0", "plus_minutes_start": 60, "minus_minutes_start": 60, "length": 480, "plus_minutes_end": 60, "minus_minutes_end": 60, "available_days": "*"}], "Requirements": [8, 8, 8, 8, 6, 8, 3, 8, 9, 14, 16, 21, 18, 23, 27, 28, 18, 16, 16, 16, 11, 11, 9, 7, 7, 7, 7, 7, 3, 3, 3, 8, 9, 14, 16, 21, 18, 23, 27, 28, 18, 16, 16, 16, 11, 11, 9, 7, 7, 7, 7, 7, 3, 3, 3, 8, 10, 15, 17, 22, 19, 24, 26, 26, 16, 14, 14, 14, 9, 11, 9, 10, 10, 10, 10, 10, 6, 6, 3, 8, 11, 16, 17, 22, 19, 24, 28, 27, 17, 16, 16, 16, 11, 12, 12, 10, 10, 10, 10, 10, 5, 3, 3, 8, 9, 14, 19, 24, 21, 24, 28, 29, 19, 14, 14, 14, 9, 7, 7, 5, 5, 5, 5, 5, 3, 5, 5, 10, 13, 18, 20, 21, 16, 18, 20, 19, 9, 7, 7, 7, 6, 5, 4, 7, 7, 7, 7, 7, 6, 10, 5, 10, 15, 20, 22, 23, 18, 20, 22, 19, 9, 7, 7, 7, 6, 6, 5, 8], "DaysPerCycle": 7, "SD_ObjWeightShifts": 60, "SD_ObjWeightUnderCover": 1, "SD_ObjWeightOverCover": 1, "MinShift": 4, "MaxShift": 5, "MinShiftType": [3, 3, 2, 3], "MaxShiftType": [4, 5, 5, 5], "MinOff": 1, "MaxOff": 2, "ForwardRotation": true}