{"MinuteInterval": 60, "Number of shift templates": 4, "Shift templates": [{"abbr": "F", "full_name": "Fr\u00fchschicht", "start_time": "6:0", "plus_minutes_start": 120, "minus_minutes_start": 60, "length": 480, "plus_minutes_end": 60, "minus_minutes_end": 60, "available_days": "*"}, {"abbr": "T", "full_name": "Tagschicht", "start_time": "10:0", "plus_minutes_start": 60, "minus_minutes_start": 60, "length": 480, "plus_minutes_end": 60, "minus_minutes_end": 60, "available_days": "*"}, {"abbr": "S", "full_name": "Sp\u00e4tschicht", "start_time": "14:0", "plus_minutes_start": 60, "minus_minutes_start": 60, "length": 480, "plus_minutes_end": 60, "minus_minutes_end": 60, "available_days": "*"}, {"abbr": "N", "full_name": "Nachtschicht", "start_time": "22:0", "plus_minutes_start": 60, "minus_minutes_start": 60, "length": 480, "plus_minutes_end": 60, "minus_minutes_end": 60, "available_days": "*"}], "Requirements": [7, 7, 7, 7, 5, 11, 16, 11, 11, 11, 16, 21, 21, 17, 15, 10, 10, 5, 5, 5, 0, 3, 8, 8, 8, 8, 8, 8, 5, 11, 16, 11, 11, 11, 15, 20, 20, 16, 14, 9, 9, 5, 5, 5, 0, 3, 8, 8, 8, 8, 8, 8, 5, 11, 16, 11, 11, 11, 16, 21, 21, 17, 15, 10, 10, 5, 5, 5, 0, 3, 8, 8, 8, 8, 8, 8, 5, 11, 16, 11, 11, 11, 16, 21, 21, 17, 15, 10, 10, 5, 5, 5, 0, 3, 8, 8, 8, 8, 8, 8, 5, 11, 16, 11, 11, 11, 16, 21, 21, 17, 15, 10, 10, 5, 5, 5, 0, 3, 8, 8, 8, 8, 8, 8, 5, 10, 14, 9, 9, 9, 14, 24, 24, 19, 19, 15, 15, 10, 5, 5, 0, 2, 7, 7, 7, 7, 7, 7, 5, 13, 17, 12, 12, 12, 17, 27, 27, 22, 19, 15, 15, 10, 5, 5, 0, 2, 7, 7], "DaysPerCycle": 7, "SD_ObjWeightShifts": 60, "SD_ObjWeightUnderCover": 1, "SD_ObjWeightOverCover": 1, "MinShift": 3, "MaxShift": 5, "MinShiftType": [3, 4, 1, 4], "MaxShiftType": [5, 5, 5, 5], "MinOff": 1, "MaxOff": 2, "ForwardRotation": true}