{"MinuteInterval": 60, "Number of shift templates": 4, "Shift templates": [{"abbr": "F", "full_name": "Fr\u00fchschicht", "start_time": "6:0", "plus_minutes_start": 120, "minus_minutes_start": 60, "length": 480, "plus_minutes_end": 60, "minus_minutes_end": 60, "available_days": "*"}, {"abbr": "T", "full_name": "Tagschicht", "start_time": "10:0", "plus_minutes_start": 60, "minus_minutes_start": 60, "length": 480, "plus_minutes_end": 60, "minus_minutes_end": 60, "available_days": "*"}, {"abbr": "S", "full_name": "Sp\u00e4tschicht", "start_time": "14:0", "plus_minutes_start": 60, "minus_minutes_start": 60, "length": 480, "plus_minutes_end": 60, "minus_minutes_end": 60, "available_days": "*"}, {"abbr": "N", "full_name": "Nachtschicht", "start_time": "22:0", "plus_minutes_start": 60, "minus_minutes_start": 60, "length": 480, "plus_minutes_end": 60, "minus_minutes_end": 60, "available_days": "*"}], "Requirements": [0, 0, 0, 0, 0, 0, 0, 0, 0, 4, 4, 7, 7, 7, 8, 8, 8, 8, 4, 4, 1, 0, 0, 0, 0, 0, 0, 0, 0, 0, 0, 0, 0, 4, 4, 8, 8, 8, 11, 11, 11, 11, 7, 7, 3, 0, 0, 0, 0, 0, 0, 0, 0, 0, 0, 0, 0, 4, 4, 7, 7, 7, 8, 8, 8, 8, 4, 4, 1, 0, 0, 0, 0, 0, 0, 0, 0, 0, 0, 0, 0, 4, 4, 7, 7, 7, 7, 7, 7, 7, 3, 3, 0, 0, 0, 0, 0, 0, 0, 0, 0, 0, 0, 0, 0, 4, 4, 7, 7, 7, 8, 8, 8, 8, 4, 4, 1, 0, 0, 0, 0, 0, 0, 0, 0, 0, 0, 2, 2, 2, 7, 10, 10, 10, 11, 11, 11, 11, 7, 6, 3, 0, 0, 0, 0, 0, 0, 0, 0, 0, 0, 2, 2, 2, 7, 10, 10, 10, 8, 8, 8, 8, 4, 3, 0, 0, 0, 0], "DaysPerCycle": 7, "SD_ObjWeightShifts": 60, "SD_ObjWeightUnderCover": 1, "SD_ObjWeightOverCover": 1, "MinShift": 4, "MaxShift": 5, "MinShiftType": [2, 3, 2, 2], "MaxShiftType": [5, 5, 5, 5], "MinOff": 2, "MaxOff": 3, "ForwardRotation": true}