{"MinuteInterval": 60, "Number of shift templates": 4, "Shift templates": [{"abbr": "M", "full_name": "MorningShift", "start_time": "6:0", "plus_minutes_start": 120, "minus_minutes_start": 60, "length": 480, "plus_minutes_end": 60, "minus_minutes_end": 60, "available_days": "*"}, {"abbr": "D", "full_name": "Dayshift", "start_time": "10:0", "plus_minutes_start": 60, "minus_minutes_start": 60, "length": 480, "plus_minutes_end": 60, "minus_minutes_end": 60, "available_days": "*"}, {"abbr": "E", "full_name": "Eveningshift", "start_time": "14:0", "plus_minutes_start": 60, "minus_minutes_start": 60, "length": 480, "plus_minutes_end": 60, "minus_minutes_end": 60, "available_days": "*"}, {"abbr": "N", "full_name": "Nightshift", "start_time": "22:0", "plus_minutes_start": 60, "minus_minutes_start": 60, "length": 480, "plus_minutes_end": 60, "minus_minutes_end": 60, "available_days": "*"}], "Requirements": [17, 16, 16, 18, 18, 18, 21, 13, 14, 13, 16, 10, 15, 16, 16, 14, 14, 12, 17, 16, 12, 12, 11, 11, 13, 12, 12, 15, 15, 15, 18, 10, 13, 12, 15, 10, 14, 13, 13, 11, 11, 9, 11, 12, 9, 9, 10, 10, 12, 11, 11, 12, 12, 12, 12, 7, 11, 10, 13, 7, 14, 13, 13, 11, 11, 12, 17, 13, 10, 10, 11, 11, 13, 12, 12, 15, 15, 15, 18, 10, 14, 13, 16, 10, 14, 13, 13, 11, 11, 9, 14, 13, 10, 10, 11, 11, 13, 12, 12, 15, 15, 15, 18, 10, 13, 12, 15, 10, 14, 13, 13, 11, 11, 9, 14, 14, 11, 11, 12, 12, 14, 13, 13, 17, 17, 17, 20, 12, 15, 12, 19, 14, 20, 18, 22, 18, 18, 16, 21, 19, 14, 10, 12, 12, 14, 13, 13, 17, 17, 17, 20, 12, 16, 13, 20, 14, 20, 18, 22, 18, 18, 16, 21, 19, 14, 10, 12, 12], "DaysPerCycle": 7, "SD_ObjWeightShifts": 60, "SD_ObjWeightUnderCover": 1, "SD_ObjWeightOverCover": 1, "MinShift": 4, "MaxShift": 6, "MinShiftType": [1, 3, 1, 4], "MaxShiftType": [4, 5, 5, 4], "MinOff": 2, "MaxOff": 4, "ForwardRotation": true}