{"MinuteInterval": 60, "Number of shift templates": 4, "Shift templates": [{"abbr": "F", "full_name": "Fr\u00fchschicht", "start_time": "6:0", "plus_minutes_start": 120, "minus_minutes_start": 60, "length": 480, "plus_minutes_end": 60, "minus_minutes_end": 60, "available_days": "*"}, {"abbr": "T", "full_name": "Tagschicht", "start_time": "10:0", "plus_minutes_start": 60, "minus_minutes_start": 60, "length": 480, "plus_minutes_end": 60, "minus_minutes_end": 60, "available_days": "*"}, {"abbr": "S", "full_name": "Sp\u00e4tschicht", "start_time": "14:0", "plus_minutes_start": 60, "minus_minutes_start": 60, "length": 480, "plus_minutes_end": 60, "minus_minutes_end": 60, "available_days": "*"}, {"abbr": "N", "full_name": "Nachtschicht", "start_time": "22:0", "plus_minutes_start": 60, "minus_minutes_start": 60, "length": 480, "plus_minutes_end": 60, "minus_minutes_end": 60, "available_days": "*"}], "Requirements": [12, 12, 12, 12, 10, 10, 7, 5, 7, 7, 7, 7, 7, 9, 13, 11, 8, 6, 6, 6, 6, 5, 1, 7, 7, 7, 7, 7, 6, 6, 4, 5, 7, 7, 7, 7, 7, 9, 13, 11, 8, 6, 6, 6, 6, 5, 1, 7, 7, 7, 7, 7, 6, 6, 4, 5, 7, 7, 7, 7, 7, 9, 13, 11, 8, 6, 6, 6, 6, 5, 1, 7, 7, 7, 7, 7, 6, 6, 4, 2, 5, 5, 5, 5, 5, 7, 11, 9, 9, 6, 6, 6, 6, 5, 1, 7, 7, 7, 7, 7, 6, 6, 4, 5, 7, 7, 7, 7, 7, 9, 13, 11, 8, 6, 6, 6, 6, 9, 5, 11, 11, 11, 11, 11, 6, 6, 4, 5, 9, 9, 9, 9, 9, 11, 15, 13, 10, 6, 6, 6, 6, 6, 2, 11, 11, 11, 11, 11, 9, 9, 6, 5, 5, 5, 5, 5, 5, 7, 11, 9, 6, 6, 6, 6, 6, 6, 2, 12], "DaysPerCycle": 7, "SD_ObjWeightShifts": 60, "SD_ObjWeightUnderCover": 1, "SD_ObjWeightOverCover": 1, "MinShift": 2, "MaxShift": 7, "MinShiftType": [3, 2, 2, 4], "MaxShiftType": [7, 6, 4, 4], "MinOff": 2, "MaxOff": 4, "ForwardRotation": true}