{"MinuteInterval": 60, "Number of shift templates": 4, "Shift templates": [{"abbr": "M", "full_name": "MorningShift", "start_time": "6:0", "plus_minutes_start": 120, "minus_minutes_start": 60, "length": 480, "plus_minutes_end": 60, "minus_minutes_end": 60, "available_days": "*"}, {"abbr": "D", "full_name": "Dayshift", "start_time": "10:0", "plus_minutes_start": 60, "minus_minutes_start": 60, "length": 480, "plus_minutes_end": 60, "minus_minutes_end": 60, "available_days": "*"}, {"abbr": "E", "full_name": "Eveningshift", "start_time": "14:0", "plus_minutes_start": 60, "minus_minutes_start": 60, "length": 480, "plus_minutes_end": 60, "minus_minutes_end": 60, "available_days": "*"}, {"abbr": "N", "full_name": "Nightshift", "start_time": "22:0", "plus_minutes_start": 60, "minus_minutes_start": 60, "length": 480, "plus_minutes_end": 60, "minus_minutes_end": 60, "available_days": "*"}], "Requirements": [15, 15, 15, 15, 15, 15, 9, 10, 10, 15, 17, 22, 22, 22, 23, 31, 26, 26, 14, 14, 14, 15, 15, 15, 11, 11, 11, 11, 11, 13, 7, 10, 10, 15, 19, 24, 24, 24, 23, 31, 26, 26, 12, 12, 12, 13, 15, 12, 8, 8, 8, 8, 8, 10, 5, 11, 11, 16, 18, 23, 23, 23, 22, 29, 24, 24, 12, 12, 12, 13, 15, 12, 8, 8, 8, 8, 8, 10, 4, 10, 10, 15, 17, 22, 22, 22, 22, 30, 25, 25, 13, 13, 13, 14, 15, 13, 9, 9, 9, 9, 9, 11, 7, 12, 12, 17, 19, 24, 24, 24, 23, 29, 24, 24, 12, 12, 12, 13, 15, 12, 8, 8, 8, 8, 8, 10, 5, 8, 8, 11, 14, 19, 19, 19, 21, 24, 22, 22, 14, 11, 11, 12, 13, 18, 15, 15, 15, 15, 15, 15, 10, 8, 8, 11, 14, 19, 19, 19, 21, 26, 24, 24, 16, 13, 13, 14, 15, 18], "DaysPerCycle": 7, "SD_ObjWeightShifts": 60, "SD_ObjWeightUnderCover": 1, "SD_ObjWeightOverCover": 1, "MinShift": 3, "MaxShift": 7, "MinShiftType": [3, 2, 4, 4], "MaxShiftType": [5, 6, 7, 4], "MinOff": 1, "MaxOff": 3, "ForwardRotation": true}